,tic,date,strategy,win,hold,lost
0,AXP,1008,no_merge,0.14,0.52,0.33
1,AXP,1008,merge_1,0.14,0.67,0.19
2,AXP,1008,merge_2,0.14,0.67,0.19
3,AXP,1008,merge_3,0.14,0.67,0.19
4,AXP,1008,yesterday_strategy,0.05,0.62,0.33
5,AXP,1008,trend,0.38,0,0.62
6,AXP,1050,no_merge,0.05,0.95,0.0
7,AXP,1050,merge_1,0.05,0.95,0.0
8,AXP,1050,merge_2,0.0,1.0,0.0
9,AXP,1050,merge_3,0.0,1.0,0.0
10,AXP,1050,yesterday_strategy,0.1,0.62,0.29
11,AXP,1050,trend,0.33,0,0.67
12,AXP,1092,no_merge,0.52,0.19,0.29
13,AXP,1092,merge_1,0.33,0.48,0.19
14,AXP,1092,merge_2,0.29,0.57,0.14
15,AXP,1092,merge_3,0.29,0.57,0.14
16,AXP,1092,yesterday_strategy,0.48,0.33,0.19
17,AXP,1092,trend,0.67,0,0.33
18,AXP,1134,no_merge,0.1,0.86,0.05
19,AXP,1134,merge_1,0.05,0.95,0.0
20,AXP,1134,merge_2,0.05,0.95,0.0
21,AXP,1134,merge_3,0.05,0.95,0.0
22,AXP,1134,yesterday_strategy,0.05,0.67,0.29
23,AXP,1134,trend,0.38,0,0.62
24,AXP,1176,no_merge,0.05,0.9,0.05
25,AXP,1176,merge_1,0.05,0.9,0.05
26,AXP,1176,merge_2,0.05,0.9,0.05
27,AXP,1176,merge_3,0.05,0.9,0.05
28,AXP,1176,yesterday_strategy,0.19,0.57,0.24
29,AXP,1176,trend,0.43,0,0.57
30,AXP,1218,no_merge,0.33,0.43,0.24
31,AXP,1218,merge_1,0.29,0.62,0.1
32,AXP,1218,merge_2,0.14,0.81,0.05
33,AXP,1218,merge_3,0.14,0.81,0.05
34,AXP,1218,yesterday_strategy,0.24,0.48,0.29
35,AXP,1218,trend,0.52,0,0.48
36,AXP,1260,no_merge,0.05,0.9,0.05
37,AXP,1260,merge_1,0.05,0.9,0.05
38,AXP,1260,merge_2,0.05,0.9,0.05
39,AXP,1260,merge_3,0.05,0.9,0.05
40,AXP,1260,yesterday_strategy,0.19,0.62,0.19
41,AXP,1260,trend,0.43,0,0.57
42,AXP,1302,no_merge,0.33,0.52,0.14
43,AXP,1302,merge_1,0.29,0.62,0.1
44,AXP,1302,merge_2,0.29,0.62,0.1
45,AXP,1302,merge_3,0.29,0.67,0.05
46,AXP,1302,yesterday_strategy,0.19,0.52,0.29
47,AXP,1302,trend,0.48,0,0.52
48,AXP,1344,no_merge,0.29,0.48,0.24
49,AXP,1344,merge_1,0.29,0.48,0.24
50,AXP,1344,merge_2,0.29,0.62,0.1
51,AXP,1344,merge_3,0.29,0.62,0.1
52,AXP,1344,yesterday_strategy,0.19,0.52,0.29
53,AXP,1344,trend,0.43,0,0.57
54,AXP,1386,no_merge,0.38,0.29,0.33
55,AXP,1386,merge_1,0.33,0.43,0.24
56,AXP,1386,merge_2,0.29,0.57,0.14
57,AXP,1386,merge_3,0.29,0.57,0.14
58,AXP,1386,yesterday_strategy,0.33,0.48,0.19
59,AXP,1386,trend,0.52,0,0.48
60,AXP,1428,no_merge,0.43,0.19,0.38
61,AXP,1428,merge_1,0.14,0.57,0.29
62,AXP,1428,merge_2,0.14,0.67,0.19
63,AXP,1428,merge_3,0.14,0.67,0.19
64,AXP,1428,yesterday_strategy,0.14,0.52,0.33
65,AXP,1428,trend,0.48,0,0.52
66,AXP,1470,no_merge,0.1,0.81,0.1
67,AXP,1470,merge_1,0.05,0.9,0.05
68,AXP,1470,merge_2,0.05,0.9,0.05
69,AXP,1470,merge_3,0.05,0.9,0.05
70,AXP,1470,yesterday_strategy,0.1,0.62,0.29
71,AXP,1470,trend,0.38,0,0.62
0,MMM,1008,no_merge,0.29,0.33,0.38
1,MMM,1008,merge_1,0.24,0.57,0.19
2,MMM,1008,merge_2,0.24,0.67,0.1
3,MMM,1008,merge_3,0.24,0.67,0.1
4,MMM,1008,yesterday_strategy,0.14,0.67,0.19
5,MMM,1008,trend,0.38,0,0.62
6,MMM,1050,no_merge,0.33,0.33,0.33
7,MMM,1050,merge_1,0.33,0.38,0.29
8,MMM,1050,merge_2,0.33,0.38,0.29
9,MMM,1050,merge_3,0.33,0.38,0.29
10,MMM,1050,yesterday_strategy,0.19,0.48,0.33
11,MMM,1050,trend,0.48,0,0.52
12,MMM,1092,no_merge,0.57,0.14,0.29
13,MMM,1092,merge_1,0.43,0.33,0.24
14,MMM,1092,merge_2,0.43,0.33,0.24
15,MMM,1092,merge_3,0.43,0.33,0.24
16,MMM,1092,yesterday_strategy,0.24,0.43,0.33
17,MMM,1092,trend,0.57,0,0.43
18,MMM,1134,no_merge,0.24,0.43,0.33
19,MMM,1134,merge_1,0.19,0.62,0.19
20,MMM,1134,merge_2,0.1,0.71,0.19
21,MMM,1134,merge_3,0.1,0.71,0.19
22,MMM,1134,yesterday_strategy,0.14,0.52,0.33
23,MMM,1134,trend,0.48,0,0.52
24,MMM,1176,no_merge,0.19,0.67,0.14
25,MMM,1176,merge_1,0.14,0.71,0.14
26,MMM,1176,merge_2,0.14,0.76,0.1
27,MMM,1176,merge_3,0.14,0.76,0.1
28,MMM,1176,yesterday_strategy,0.24,0.57,0.19
29,MMM,1176,trend,0.43,0,0.57
30,MMM,1218,no_merge,0.52,0.33,0.14
31,MMM,1218,merge_1,0.43,0.48,0.1
32,MMM,1218,merge_2,0.43,0.48,0.1
33,MMM,1218,merge_3,0.43,0.48,0.1
34,MMM,1218,yesterday_strategy,0.43,0.29,0.29
35,MMM,1218,trend,0.67,0,0.33
36,MMM,1260,no_merge,0.52,0.1,0.38
37,MMM,1260,merge_1,0.52,0.14,0.33
38,MMM,1260,merge_2,0.52,0.14,0.33
39,MMM,1260,merge_3,0.52,0.14,0.33
40,MMM,1260,yesterday_strategy,0.19,0.52,0.29
41,MMM,1260,trend,0.52,0,0.48
42,MMM,1302,no_merge,0.48,0.19,0.33
43,MMM,1302,merge_1,0.29,0.48,0.24
44,MMM,1302,merge_2,0.24,0.62,0.14
45,MMM,1302,merge_3,0.24,0.62,0.14
46,MMM,1302,yesterday_strategy,0.19,0.48,0.33
47,MMM,1302,trend,0.52,0,0.48
48,MMM,1344,no_merge,0.33,0.43,0.24
49,MMM,1344,merge_1,0.29,0.52,0.19
50,MMM,1344,merge_2,0.29,0.52,0.19
51,MMM,1344,merge_3,0.29,0.52,0.19
52,MMM,1344,yesterday_strategy,0.24,0.48,0.29
53,MMM,1344,trend,0.48,0,0.52
54,MMM,1386,no_merge,0.19,0.48,0.33
55,MMM,1386,merge_1,0.19,0.57,0.24
56,MMM,1386,merge_2,0.05,0.71,0.24
57,MMM,1386,merge_3,0.05,0.71,0.24
58,MMM,1386,yesterday_strategy,0.29,0.48,0.24
59,MMM,1386,trend,0.52,0,0.48
60,MMM,1428,no_merge,0.38,0.14,0.48
61,MMM,1428,merge_1,0.38,0.19,0.43
62,MMM,1428,merge_2,0.38,0.24,0.38
63,MMM,1428,merge_3,0.33,0.33,0.33
64,MMM,1428,yesterday_strategy,0.14,0.52,0.33
65,MMM,1428,trend,0.48,0,0.52
66,MMM,1470,no_merge,0.33,0.38,0.29
67,MMM,1470,merge_1,0.24,0.57,0.19
68,MMM,1470,merge_2,0.19,0.67,0.14
69,MMM,1470,merge_3,0.19,0.67,0.14
70,MMM,1470,yesterday_strategy,0.24,0.48,0.29
71,MMM,1470,trend,0.52,0,0.48
0,AMGN,1008,no_merge,0.38,0.33,0.29
1,AMGN,1008,merge_1,0.29,0.52,0.19
2,AMGN,1008,merge_2,0.14,0.67,0.19
3,AMGN,1008,merge_3,0.14,0.67,0.19
4,AMGN,1008,yesterday_strategy,0.24,0.52,0.24
5,AMGN,1008,trend,0.48,0,0.52
6,AMGN,1050,no_merge,0.05,0.95,0.0
7,AMGN,1050,merge_1,0.05,0.95,0.0
8,AMGN,1050,merge_2,0.05,0.95,0.0
9,AMGN,1050,merge_3,0.05,0.95,0.0
10,AMGN,1050,yesterday_strategy,0.1,0.62,0.29
11,AMGN,1050,trend,0.38,0,0.62
12,AMGN,1092,no_merge,0.52,0.24,0.24
13,AMGN,1092,merge_1,0.52,0.24,0.24
14,AMGN,1092,merge_2,0.48,0.29,0.24
15,AMGN,1092,merge_3,0.48,0.29,0.24
16,AMGN,1092,yesterday_strategy,0.33,0.33,0.33
17,AMGN,1092,trend,0.67,0,0.33
18,AMGN,1134,no_merge,0.52,0.05,0.43
19,AMGN,1134,merge_1,0.48,0.29,0.24
20,AMGN,1134,merge_2,0.48,0.29,0.24
21,AMGN,1134,merge_3,0.48,0.29,0.24
22,AMGN,1134,yesterday_strategy,0.29,0.48,0.24
23,AMGN,1134,trend,0.52,0,0.48
24,AMGN,1176,no_merge,0.14,0.81,0.05
25,AMGN,1176,merge_1,0.1,0.9,0.0
26,AMGN,1176,merge_2,0.1,0.9,0.0
27,AMGN,1176,merge_3,0.1,0.9,0.0
28,AMGN,1176,yesterday_strategy,0.19,0.48,0.33
29,AMGN,1176,trend,0.52,0,0.48
30,AMGN,1218,no_merge,0.43,0.33,0.24
31,AMGN,1218,merge_1,0.33,0.48,0.19
32,AMGN,1218,merge_2,0.33,0.48,0.19
33,AMGN,1218,merge_3,0.33,0.48,0.19
34,AMGN,1218,yesterday_strategy,0.38,0.43,0.19
35,AMGN,1218,trend,0.57,0,0.43
36,AMGN,1260,no_merge,0.19,0.62,0.19
37,AMGN,1260,merge_1,0.19,0.62,0.19
38,AMGN,1260,merge_2,0.14,0.67,0.19
39,AMGN,1260,merge_3,0.14,0.67,0.19
40,AMGN,1260,yesterday_strategy,0.05,0.62,0.33
41,AMGN,1260,trend,0.43,0,0.57
42,AMGN,1302,no_merge,0.29,0.43,0.29
43,AMGN,1302,merge_1,0.29,0.43,0.29
44,AMGN,1302,merge_2,0.24,0.52,0.24
45,AMGN,1302,merge_3,0.24,0.52,0.24
46,AMGN,1302,yesterday_strategy,0.38,0.48,0.14
47,AMGN,1302,trend,0.52,0,0.48
48,AMGN,1344,no_merge,0.1,0.86,0.05
49,AMGN,1344,merge_1,0.1,0.86,0.05
50,AMGN,1344,merge_2,0.1,0.86,0.05
51,AMGN,1344,merge_3,0.1,0.86,0.05
52,AMGN,1344,yesterday_strategy,0.29,0.48,0.24
53,AMGN,1344,trend,0.52,0,0.48
54,AMGN,1386,no_merge,0.48,0.33,0.19
55,AMGN,1386,merge_1,0.38,0.43,0.19
56,AMGN,1386,merge_2,0.33,0.52,0.14
57,AMGN,1386,merge_3,0.33,0.52,0.14
58,AMGN,1386,yesterday_strategy,0.38,0.38,0.24
59,AMGN,1386,trend,0.62,0,0.38
60,AMGN,1428,no_merge,0.24,0.57,0.19
61,AMGN,1428,merge_1,0.19,0.62,0.19
62,AMGN,1428,merge_2,0.19,0.71,0.1
63,AMGN,1428,merge_3,0.19,0.71,0.1
64,AMGN,1428,yesterday_strategy,0.24,0.52,0.24
65,AMGN,1428,trend,0.48,0,0.52
66,AMGN,1470,no_merge,0.24,0.67,0.1
67,AMGN,1470,merge_1,0.24,0.67,0.1
68,AMGN,1470,merge_2,0.24,0.67,0.1
69,AMGN,1470,merge_3,0.24,0.67,0.1
70,AMGN,1470,yesterday_strategy,0.29,0.57,0.14
71,AMGN,1470,trend,0.48,0,0.52
0,AAPL,1008,no_merge,0.33,0.48,0.19
1,AAPL,1008,merge_1,0.24,0.62,0.14
2,AAPL,1008,merge_2,0.24,0.62,0.14
3,AAPL,1008,merge_3,0.24,0.62,0.14
4,AAPL,1008,yesterday_strategy,0.33,0.43,0.24
5,AAPL,1008,trend,0.57,0,0.43
6,AAPL,1050,no_merge,0.14,0.81,0.05
7,AAPL,1050,merge_1,0.14,0.81,0.05
8,AAPL,1050,merge_2,0.14,0.86,0.0
9,AAPL,1050,merge_3,0.14,0.86,0.0
10,AAPL,1050,yesterday_strategy,0.29,0.52,0.19
11,AAPL,1050,trend,0.48,0,0.52
12,AAPL,1092,no_merge,0.62,0.14,0.24
13,AAPL,1092,merge_1,0.57,0.24,0.19
14,AAPL,1092,merge_2,0.57,0.29,0.14
15,AAPL,1092,merge_3,0.57,0.29,0.14
16,AAPL,1092,yesterday_strategy,0.48,0.33,0.19
17,AAPL,1092,trend,0.67,0,0.33
18,AAPL,1134,no_merge,0.19,0.43,0.38
19,AAPL,1134,merge_1,0.19,0.43,0.38
20,AAPL,1134,merge_2,0.14,0.62,0.24
21,AAPL,1134,merge_3,0.14,0.62,0.24
22,AAPL,1134,yesterday_strategy,0.14,0.57,0.29
23,AAPL,1134,trend,0.43,0,0.57
24,AAPL,1176,no_merge,0.38,0.19,0.43
25,AAPL,1176,merge_1,0.38,0.29,0.33
26,AAPL,1176,merge_2,0.33,0.38,0.29
27,AAPL,1176,merge_3,0.33,0.38,0.29
28,AAPL,1176,yesterday_strategy,0.19,0.48,0.33
29,AAPL,1176,trend,0.48,0,0.52
30,AAPL,1218,no_merge,0.29,0.62,0.1
31,AAPL,1218,merge_1,0.19,0.71,0.1
32,AAPL,1218,merge_2,0.14,0.76,0.1
33,AAPL,1218,merge_3,0.14,0.76,0.1
34,AAPL,1218,yesterday_strategy,0.33,0.38,0.29
35,AAPL,1218,trend,0.62,0,0.38
36,AAPL,1260,no_merge,0.62,0.14,0.24
37,AAPL,1260,merge_1,0.62,0.14,0.24
38,AAPL,1260,merge_2,0.62,0.14,0.24
39,AAPL,1260,merge_3,0.62,0.14,0.24
40,AAPL,1260,yesterday_strategy,0.52,0.29,0.19
41,AAPL,1260,trend,0.71,0,0.29
42,AAPL,1302,no_merge,0.33,0.24,0.43
43,AAPL,1302,merge_1,0.33,0.24,0.43
44,AAPL,1302,merge_2,0.29,0.48,0.24
45,AAPL,1302,merge_3,0.29,0.48,0.24
46,AAPL,1302,yesterday_strategy,0.14,0.52,0.33
47,AAPL,1302,trend,0.43,0,0.57
48,AAPL,1344,no_merge,0.14,0.76,0.1
49,AAPL,1344,merge_1,0.14,0.76,0.1
50,AAPL,1344,merge_2,0.14,0.76,0.1
51,AAPL,1344,merge_3,0.14,0.76,0.1
52,AAPL,1344,yesterday_strategy,0.14,0.52,0.33
53,AAPL,1344,trend,0.43,0,0.57
54,AAPL,1386,no_merge,0.1,0.9,0.0
55,AAPL,1386,merge_1,0.1,0.9,0.0
56,AAPL,1386,merge_2,0.0,1.0,0.0
57,AAPL,1386,merge_3,0.0,1.0,0.0
58,AAPL,1386,yesterday_strategy,0.24,0.62,0.14
59,AAPL,1386,trend,0.43,0,0.57
60,AAPL,1428,no_merge,0.29,0.67,0.05
61,AAPL,1428,merge_1,0.29,0.71,0.0
62,AAPL,1428,merge_2,0.24,0.76,0.0
63,AAPL,1428,merge_3,0.24,0.76,0.0
64,AAPL,1428,yesterday_strategy,0.33,0.43,0.24
65,AAPL,1428,trend,0.62,0,0.38
66,AAPL,1470,no_merge,0.05,0.86,0.1
67,AAPL,1470,merge_1,0.05,0.86,0.1
68,AAPL,1470,merge_2,0.05,0.86,0.1
69,AAPL,1470,merge_3,0.05,0.86,0.1
70,AAPL,1470,yesterday_strategy,0.1,0.67,0.24
71,AAPL,1470,trend,0.38,0,0.62
0,BA,1008,no_merge,0.0,0.81,0.19
1,BA,1008,merge_1,0.0,0.81,0.19
2,BA,1008,merge_2,0.0,0.81,0.19
3,BA,1008,merge_3,0.0,0.81,0.19
4,BA,1008,yesterday_strategy,0.24,0.57,0.19
5,BA,1008,trend,0.38,0,0.62
6,BA,1050,no_merge,0.33,0.38,0.29
7,BA,1050,merge_1,0.33,0.43,0.24
8,BA,1050,merge_2,0.33,0.48,0.19
9,BA,1050,merge_3,0.33,0.48,0.19
10,BA,1050,yesterday_strategy,0.29,0.52,0.19
11,BA,1050,trend,0.48,0,0.52
12,BA,1092,no_merge,0.33,0.52,0.14
13,BA,1092,merge_1,0.29,0.57,0.14
14,BA,1092,merge_2,0.24,0.67,0.1
15,BA,1092,merge_3,0.24,0.67,0.1
16,BA,1092,yesterday_strategy,0.57,0.29,0.14
17,BA,1092,trend,0.71,0,0.29
18,BA,1134,no_merge,0.05,0.71,0.24
19,BA,1134,merge_1,0.05,0.71,0.24
20,BA,1134,merge_2,0.05,0.71,0.24
21,BA,1134,merge_3,0.05,0.71,0.24
22,BA,1134,yesterday_strategy,0.14,0.71,0.14
23,BA,1134,trend,0.29,0,0.71
24,BA,1176,no_merge,0.14,0.76,0.1
25,BA,1176,merge_1,0.14,0.76,0.1
26,BA,1176,merge_2,0.14,0.76,0.1
27,BA,1176,merge_3,0.14,0.76,0.1
28,BA,1176,yesterday_strategy,0.29,0.48,0.24
29,BA,1176,trend,0.52,0,0.48
30,BA,1218,no_merge,0.33,0.57,0.1
31,BA,1218,merge_1,0.29,0.62,0.1
32,BA,1218,merge_2,0.29,0.62,0.1
33,BA,1218,merge_3,0.29,0.62,0.1
34,BA,1218,yesterday_strategy,0.43,0.43,0.14
35,BA,1218,trend,0.57,0,0.43
36,BA,1260,no_merge,0.57,0.0,0.43
37,BA,1260,merge_1,0.57,0.0,0.43
38,BA,1260,merge_2,0.57,0.05,0.38
39,BA,1260,merge_3,0.57,0.05,0.38
40,BA,1260,yesterday_strategy,0.29,0.48,0.24
41,BA,1260,trend,0.57,0,0.43
42,BA,1302,no_merge,0.1,0.86,0.05
43,BA,1302,merge_1,0.1,0.86,0.05
44,BA,1302,merge_2,0.1,0.86,0.05
45,BA,1302,merge_3,0.1,0.86,0.05
46,BA,1302,yesterday_strategy,0.29,0.48,0.24
47,BA,1302,trend,0.52,0,0.48
48,BA,1344,no_merge,0.14,0.81,0.05
49,BA,1344,merge_1,0.14,0.86,0.0
50,BA,1344,merge_2,0.14,0.86,0.0
51,BA,1344,merge_3,0.14,0.86,0.0
52,BA,1344,yesterday_strategy,0.24,0.48,0.29
53,BA,1344,trend,0.48,0,0.52
54,BA,1386,no_merge,0.14,0.86,0.0
55,BA,1386,merge_1,0.14,0.86,0.0
56,BA,1386,merge_2,0.14,0.86,0.0
57,BA,1386,merge_3,0.14,0.86,0.0
58,BA,1386,yesterday_strategy,0.19,0.52,0.29
59,BA,1386,trend,0.48,0,0.52
60,BA,1428,no_merge,0.38,0.43,0.19
61,BA,1428,merge_1,0.38,0.52,0.1
62,BA,1428,merge_2,0.38,0.52,0.1
63,BA,1428,merge_3,0.38,0.52,0.1
64,BA,1428,yesterday_strategy,0.29,0.48,0.24
65,BA,1428,trend,0.57,0,0.43
66,BA,1470,no_merge,0.24,0.62,0.14
67,BA,1470,merge_1,0.24,0.62,0.14
68,BA,1470,merge_2,0.14,0.71,0.14
69,BA,1470,merge_3,0.14,0.71,0.14
70,BA,1470,yesterday_strategy,0.24,0.57,0.19
71,BA,1470,trend,0.43,0,0.57
0,CAT,1008,no_merge,0.38,0.33,0.29
1,CAT,1008,merge_1,0.38,0.48,0.14
2,CAT,1008,merge_2,0.33,0.52,0.14
3,CAT,1008,merge_3,0.33,0.52,0.14
4,CAT,1008,yesterday_strategy,0.33,0.43,0.24
5,CAT,1008,trend,0.57,0,0.43
6,CAT,1050,no_merge,0.43,0.24,0.33
7,CAT,1050,merge_1,0.43,0.33,0.24
8,CAT,1050,merge_2,0.29,0.48,0.24
9,CAT,1050,merge_3,0.29,0.48,0.24
10,CAT,1050,yesterday_strategy,0.19,0.52,0.29
11,CAT,1050,trend,0.48,0,0.52
12,CAT,1092,no_merge,0.33,0.52,0.14
13,CAT,1092,merge_1,0.19,0.67,0.14
14,CAT,1092,merge_2,0.14,0.71,0.14
15,CAT,1092,merge_3,0.14,0.71,0.14
16,CAT,1092,yesterday_strategy,0.38,0.38,0.24
17,CAT,1092,trend,0.62,0,0.38
18,CAT,1134,no_merge,0.19,0.62,0.19
19,CAT,1134,merge_1,0.14,0.67,0.19
20,CAT,1134,merge_2,0.1,0.76,0.14
21,CAT,1134,merge_3,0.1,0.76,0.14
22,CAT,1134,yesterday_strategy,0.1,0.62,0.29
23,CAT,1134,trend,0.38,0,0.62
24,CAT,1176,no_merge,0.0,1.0,0.0
25,CAT,1176,merge_1,0.0,1.0,0.0
26,CAT,1176,merge_2,0.0,1.0,0.0
27,CAT,1176,merge_3,0.0,1.0,0.0
28,CAT,1176,yesterday_strategy,0.0,0.86,0.14
29,CAT,1176,trend,0.19,0,0.81
30,CAT,1218,no_merge,0.29,0.67,0.05
31,CAT,1218,merge_1,0.29,0.67,0.05
32,CAT,1218,merge_2,0.14,0.86,0.0
33,CAT,1218,merge_3,0.14,0.86,0.0
34,CAT,1218,yesterday_strategy,0.43,0.33,0.24
35,CAT,1218,trend,0.67,0,0.33
36,CAT,1260,no_merge,0.19,0.52,0.29
37,CAT,1260,merge_1,0.05,0.86,0.1
38,CAT,1260,merge_2,0.05,0.95,0.0
39,CAT,1260,merge_3,0.05,0.95,0.0
40,CAT,1260,yesterday_strategy,0.19,0.57,0.24
41,CAT,1260,trend,0.48,0,0.52
42,CAT,1302,no_merge,0.33,0.43,0.24
43,CAT,1302,merge_1,0.29,0.48,0.24
44,CAT,1302,merge_2,0.29,0.52,0.19
45,CAT,1302,merge_3,0.29,0.52,0.19
46,CAT,1302,yesterday_strategy,0.05,0.57,0.38
47,CAT,1302,trend,0.38,0,0.62
48,CAT,1344,no_merge,0.19,0.76,0.05
49,CAT,1344,merge_1,0.1,0.86,0.05
50,CAT,1344,merge_2,0.1,0.9,0.0
51,CAT,1344,merge_3,0.1,0.9,0.0
52,CAT,1344,yesterday_strategy,0.29,0.48,0.24
53,CAT,1344,trend,0.57,0,0.43
54,CAT,1386,no_merge,0.29,0.52,0.19
55,CAT,1386,merge_1,0.19,0.71,0.1
56,CAT,1386,merge_2,0.1,0.81,0.1
57,CAT,1386,merge_3,0.1,0.81,0.1
58,CAT,1386,yesterday_strategy,0.19,0.62,0.19
59,CAT,1386,trend,0.43,0,0.57
60,CAT,1428,no_merge,0.29,0.57,0.14
61,CAT,1428,merge_1,0.24,0.71,0.05
62,CAT,1428,merge_2,0.19,0.81,0.0
63,CAT,1428,merge_3,0.14,0.86,0.0
64,CAT,1428,yesterday_strategy,0.29,0.52,0.19
65,CAT,1428,trend,0.52,0,0.48
66,CAT,1470,no_merge,0.14,0.76,0.1
67,CAT,1470,merge_1,0.05,0.9,0.05
68,CAT,1470,merge_2,0.0,0.95,0.05
69,CAT,1470,merge_3,0.0,0.95,0.05
70,CAT,1470,yesterday_strategy,0.1,0.62,0.29
71,CAT,1470,trend,0.43,0,0.57
0,CVX,1008,no_merge,0.05,0.81,0.14
1,CVX,1008,merge_1,0.05,0.81,0.14
2,CVX,1008,merge_2,0.05,0.81,0.14
3,CVX,1008,merge_3,0.05,0.81,0.14
4,CVX,1008,yesterday_strategy,0.14,0.62,0.24
5,CVX,1008,trend,0.38,0,0.62
6,CVX,1050,no_merge,0.52,0.1,0.38
7,CVX,1050,merge_1,0.43,0.38,0.19
8,CVX,1050,merge_2,0.43,0.38,0.19
9,CVX,1050,merge_3,0.43,0.38,0.19
10,CVX,1050,yesterday_strategy,0.43,0.33,0.24
11,CVX,1050,trend,0.62,0,0.38
12,CVX,1092,no_merge,0.19,0.62,0.19
13,CVX,1092,merge_1,0.19,0.67,0.14
14,CVX,1092,merge_2,0.19,0.67,0.14
15,CVX,1092,merge_3,0.19,0.67,0.14
16,CVX,1092,yesterday_strategy,0.14,0.62,0.24
17,CVX,1092,trend,0.38,0,0.62
18,CVX,1134,no_merge,0.29,0.57,0.14
19,CVX,1134,merge_1,0.24,0.67,0.1
20,CVX,1134,merge_2,0.19,0.76,0.05
21,CVX,1134,merge_3,0.19,0.76,0.05
22,CVX,1134,yesterday_strategy,0.19,0.52,0.29
23,CVX,1134,trend,0.52,0,0.48
24,CVX,1176,no_merge,0.14,0.48,0.38
25,CVX,1176,merge_1,0.05,0.9,0.05
26,CVX,1176,merge_2,0.05,0.9,0.05
27,CVX,1176,merge_3,0.05,0.9,0.05
28,CVX,1176,yesterday_strategy,0.1,0.71,0.19
29,CVX,1176,trend,0.29,0,0.71
30,CVX,1218,no_merge,0.19,0.62,0.19
31,CVX,1218,merge_1,0.14,0.67,0.19
32,CVX,1218,merge_2,0.14,0.86,0.0
33,CVX,1218,merge_3,0.14,0.86,0.0
34,CVX,1218,yesterday_strategy,0.24,0.52,0.24
35,CVX,1218,trend,0.48,0,0.52
36,CVX,1260,no_merge,0.24,0.29,0.48
37,CVX,1260,merge_1,0.14,0.57,0.29
38,CVX,1260,merge_2,0.14,0.57,0.29
39,CVX,1260,merge_3,0.14,0.57,0.29
40,CVX,1260,yesterday_strategy,0.19,0.62,0.19
41,CVX,1260,trend,0.43,0,0.57
42,CVX,1302,no_merge,0.48,0.1,0.43
43,CVX,1302,merge_1,0.43,0.29,0.29
44,CVX,1302,merge_2,0.43,0.29,0.29
45,CVX,1302,merge_3,0.43,0.29,0.29
46,CVX,1302,yesterday_strategy,0.19,0.48,0.33
47,CVX,1302,trend,0.48,0,0.52
48,CVX,1344,no_merge,0.05,0.95,0.0
49,CVX,1344,merge_1,0.05,0.95,0.0
50,CVX,1344,merge_2,0.05,0.95,0.0
51,CVX,1344,merge_3,0.05,0.95,0.0
52,CVX,1344,yesterday_strategy,0.19,0.57,0.24
53,CVX,1344,trend,0.43,0,0.57
54,CVX,1386,no_merge,0.1,0.81,0.1
55,CVX,1386,merge_1,0.1,0.81,0.1
56,CVX,1386,merge_2,0.1,0.81,0.1
57,CVX,1386,merge_3,0.1,0.81,0.1
58,CVX,1386,yesterday_strategy,0.19,0.62,0.19
59,CVX,1386,trend,0.43,0,0.57
60,CVX,1428,no_merge,0.57,0.14,0.29
61,CVX,1428,merge_1,0.48,0.33,0.19
62,CVX,1428,merge_2,0.43,0.48,0.1
63,CVX,1428,merge_3,0.43,0.48,0.1
64,CVX,1428,yesterday_strategy,0.33,0.38,0.29
65,CVX,1428,trend,0.67,0,0.33
66,CVX,1470,no_merge,0.14,0.76,0.1
67,CVX,1470,merge_1,0.14,0.81,0.05
68,CVX,1470,merge_2,0.05,0.9,0.05
69,CVX,1470,merge_3,0.05,0.9,0.05
70,CVX,1470,yesterday_strategy,0.1,0.67,0.24
71,CVX,1470,trend,0.38,0,0.62
0,CSCO,1008,no_merge,0.14,0.57,0.29
1,CSCO,1008,merge_1,0.14,0.67,0.19
2,CSCO,1008,merge_2,0.1,0.81,0.1
3,CSCO,1008,merge_3,0.1,0.81,0.1
4,CSCO,1008,yesterday_strategy,0.19,0.57,0.24
5,CSCO,1008,trend,0.43,0,0.57
6,CSCO,1050,no_merge,0.43,0.19,0.38
7,CSCO,1050,merge_1,0.43,0.24,0.33
8,CSCO,1050,merge_2,0.43,0.24,0.33
9,CSCO,1050,merge_3,0.43,0.24,0.33
10,CSCO,1050,yesterday_strategy,0.14,0.57,0.29
11,CSCO,1050,trend,0.48,0,0.52
12,CSCO,1092,no_merge,0.33,0.33,0.33
13,CSCO,1092,merge_1,0.29,0.38,0.33
14,CSCO,1092,merge_2,0.29,0.38,0.33
15,CSCO,1092,merge_3,0.29,0.38,0.33
16,CSCO,1092,yesterday_strategy,0.24,0.48,0.29
17,CSCO,1092,trend,0.52,0,0.48
18,CSCO,1134,no_merge,0.1,0.86,0.05
19,CSCO,1134,merge_1,0.1,0.86,0.05
20,CSCO,1134,merge_2,0.05,0.95,0.0
21,CSCO,1134,merge_3,0.05,0.95,0.0
22,CSCO,1134,yesterday_strategy,0.1,0.57,0.33
23,CSCO,1134,trend,0.43,0,0.57
24,CSCO,1176,no_merge,0.05,0.9,0.05
25,CSCO,1176,merge_1,0.05,0.9,0.05
26,CSCO,1176,merge_2,0.05,0.9,0.05
27,CSCO,1176,merge_3,0.05,0.9,0.05
28,CSCO,1176,yesterday_strategy,0.19,0.48,0.33
29,CSCO,1176,trend,0.48,0,0.52
30,CSCO,1218,no_merge,0.43,0.38,0.19
31,CSCO,1218,merge_1,0.43,0.38,0.19
32,CSCO,1218,merge_2,0.43,0.38,0.19
33,CSCO,1218,merge_3,0.43,0.38,0.19
34,CSCO,1218,yesterday_strategy,0.57,0.24,0.19
35,CSCO,1218,trend,0.71,0,0.29
36,CSCO,1260,no_merge,0.29,0.57,0.14
37,CSCO,1260,merge_1,0.19,0.71,0.1
38,CSCO,1260,merge_2,0.14,0.76,0.1
39,CSCO,1260,merge_3,0.14,0.76,0.1
40,CSCO,1260,yesterday_strategy,0.29,0.48,0.24
41,CSCO,1260,trend,0.57,0,0.43
42,CSCO,1302,no_merge,0.29,0.57,0.14
43,CSCO,1302,merge_1,0.24,0.67,0.1
44,CSCO,1302,merge_2,0.24,0.67,0.1
45,CSCO,1302,merge_3,0.24,0.67,0.1
46,CSCO,1302,yesterday_strategy,0.24,0.57,0.19
47,CSCO,1302,trend,0.43,0,0.57
48,CSCO,1344,no_merge,0.05,0.95,0.0
49,CSCO,1344,merge_1,0.05,0.95,0.0
50,CSCO,1344,merge_2,0.0,1.0,0.0
51,CSCO,1344,merge_3,0.0,1.0,0.0
52,CSCO,1344,yesterday_strategy,0.14,0.62,0.24
53,CSCO,1344,trend,0.38,0,0.62
54,CSCO,1386,no_merge,0.29,0.38,0.33
55,CSCO,1386,merge_1,0.29,0.43,0.29
56,CSCO,1386,merge_2,0.19,0.62,0.19
57,CSCO,1386,merge_3,0.19,0.62,0.19
58,CSCO,1386,yesterday_strategy,0.24,0.52,0.24
59,CSCO,1386,trend,0.48,0,0.52
60,CSCO,1428,no_merge,0.33,0.38,0.29
61,CSCO,1428,merge_1,0.29,0.57,0.14
62,CSCO,1428,merge_2,0.29,0.57,0.14
63,CSCO,1428,merge_3,0.29,0.57,0.14
64,CSCO,1428,yesterday_strategy,0.24,0.52,0.24
65,CSCO,1428,trend,0.52,0,0.48
66,CSCO,1470,no_merge,0.05,0.95,0.0
67,CSCO,1470,merge_1,0.05,0.95,0.0
68,CSCO,1470,merge_2,0.05,0.95,0.0
69,CSCO,1470,merge_3,0.05,0.95,0.0
70,CSCO,1470,yesterday_strategy,0.19,0.57,0.24
71,CSCO,1470,trend,0.48,0,0.52
0,KO,1008,no_merge,0.14,0.76,0.1
1,KO,1008,merge_1,0.1,0.81,0.1
2,KO,1008,merge_2,0.05,0.95,0.0
3,KO,1008,merge_3,0.05,0.95,0.0
4,KO,1008,yesterday_strategy,0.1,0.62,0.29
5,KO,1008,trend,0.43,0,0.57
6,KO,1050,no_merge,0.29,0.48,0.24
7,KO,1050,merge_1,0.14,0.62,0.24
8,KO,1050,merge_2,0.14,0.67,0.19
9,KO,1050,merge_3,0.14,0.67,0.19
10,KO,1050,yesterday_strategy,0.29,0.48,0.24
11,KO,1050,trend,0.52,0,0.48
12,KO,1092,no_merge,0.24,0.62,0.14
13,KO,1092,merge_1,0.14,0.76,0.1
14,KO,1092,merge_2,0.14,0.76,0.1
15,KO,1092,merge_3,0.14,0.76,0.1
16,KO,1092,yesterday_strategy,0.1,0.52,0.38
17,KO,1092,trend,0.48,0,0.52
18,KO,1134,no_merge,0.14,0.71,0.14
19,KO,1134,merge_1,0.14,0.71,0.14
20,KO,1134,merge_2,0.14,0.76,0.1
21,KO,1134,merge_3,0.14,0.76,0.1
22,KO,1134,yesterday_strategy,0.1,0.62,0.29
23,KO,1134,trend,0.43,0,0.57
24,KO,1176,no_merge,0.62,0.14,0.24
25,KO,1176,merge_1,0.57,0.19,0.24
26,KO,1176,merge_2,0.52,0.29,0.19
27,KO,1176,merge_3,0.52,0.29,0.19
28,KO,1176,yesterday_strategy,0.43,0.33,0.24
29,KO,1176,trend,0.71,0,0.29
30,KO,1218,no_merge,0.52,0.38,0.1
31,KO,1218,merge_1,0.43,0.48,0.1
32,KO,1218,merge_2,0.38,0.52,0.1
33,KO,1218,merge_3,0.38,0.52,0.1
34,KO,1218,yesterday_strategy,0.52,0.29,0.19
35,KO,1218,trend,0.67,0,0.33
36,KO,1260,no_merge,0.24,0.57,0.19
37,KO,1260,merge_1,0.14,0.71,0.14
38,KO,1260,merge_2,0.1,0.76,0.14
39,KO,1260,merge_3,0.1,0.76,0.14
40,KO,1260,yesterday_strategy,0.38,0.48,0.14
41,KO,1260,trend,0.52,0,0.48
42,KO,1302,no_merge,0.33,0.33,0.33
43,KO,1302,merge_1,0.29,0.48,0.24
44,KO,1302,merge_2,0.29,0.52,0.19
45,KO,1302,merge_3,0.29,0.52,0.19
46,KO,1302,yesterday_strategy,0.19,0.57,0.24
47,KO,1302,trend,0.43,0,0.57
48,KO,1344,no_merge,0.1,0.9,0.0
49,KO,1344,merge_1,0.05,0.95,0.0
50,KO,1344,merge_2,0.05,0.95,0.0
51,KO,1344,merge_3,0.05,0.95,0.0
52,KO,1344,yesterday_strategy,0.19,0.57,0.24
53,KO,1344,trend,0.43,0,0.57
54,KO,1386,no_merge,0.33,0.48,0.19
55,KO,1386,merge_1,0.19,0.62,0.19
56,KO,1386,merge_2,0.19,0.62,0.19
57,KO,1386,merge_3,0.19,0.62,0.19
58,KO,1386,yesterday_strategy,0.38,0.38,0.24
59,KO,1386,trend,0.62,0,0.38
60,KO,1428,no_merge,0.62,0.0,0.38
61,KO,1428,merge_1,0.52,0.1,0.38
62,KO,1428,merge_2,0.52,0.19,0.29
63,KO,1428,merge_3,0.52,0.19,0.29
64,KO,1428,yesterday_strategy,0.29,0.38,0.33
65,KO,1428,trend,0.62,0,0.38
66,KO,1470,no_merge,0.48,0.29,0.24
67,KO,1470,merge_1,0.33,0.52,0.14
68,KO,1470,merge_2,0.29,0.57,0.14
69,KO,1470,merge_3,0.29,0.57,0.14
70,KO,1470,yesterday_strategy,0.14,0.52,0.33
71,KO,1470,trend,0.52,0,0.48
0,GS,1008,no_merge,0.1,0.86,0.05
1,GS,1008,merge_1,0.1,0.86,0.05
2,GS,1008,merge_2,0.1,0.86,0.05
3,GS,1008,merge_3,0.1,0.86,0.05
4,GS,1008,yesterday_strategy,0.05,0.52,0.43
5,GS,1008,trend,0.43,0,0.57
6,GS,1050,no_merge,0.1,0.86,0.05
7,GS,1050,merge_1,0.1,0.86,0.05
8,GS,1050,merge_2,0.1,0.86,0.05
9,GS,1050,merge_3,0.1,0.86,0.05
10,GS,1050,yesterday_strategy,0.33,0.52,0.14
11,GS,1050,trend,0.43,0,0.57
12,GS,1092,no_merge,0.62,0.0,0.38
13,GS,1092,merge_1,0.57,0.1,0.33
14,GS,1092,merge_2,0.57,0.1,0.33
15,GS,1092,merge_3,0.57,0.1,0.33
16,GS,1092,yesterday_strategy,0.43,0.38,0.19
17,GS,1092,trend,0.62,0,0.38
18,GS,1134,no_merge,0.43,0.38,0.19
19,GS,1134,merge_1,0.33,0.52,0.14
20,GS,1134,merge_2,0.29,0.57,0.14
21,GS,1134,merge_3,0.29,0.57,0.14
22,GS,1134,yesterday_strategy,0.29,0.48,0.24
23,GS,1134,trend,0.57,0,0.43
24,GS,1176,no_merge,0.52,0.14,0.33
25,GS,1176,merge_1,0.43,0.29,0.29
26,GS,1176,merge_2,0.43,0.33,0.24
27,GS,1176,merge_3,0.43,0.33,0.24
28,GS,1176,yesterday_strategy,0.33,0.43,0.24
29,GS,1176,trend,0.57,0,0.43
30,GS,1218,no_merge,0.29,0.43,0.29
31,GS,1218,merge_1,0.24,0.52,0.24
32,GS,1218,merge_2,0.14,0.71,0.14
33,GS,1218,merge_3,0.14,0.71,0.14
34,GS,1218,yesterday_strategy,0.14,0.57,0.29
35,GS,1218,trend,0.48,0,0.52
36,GS,1260,no_merge,0.33,0.19,0.48
37,GS,1260,merge_1,0.29,0.29,0.43
38,GS,1260,merge_2,0.24,0.48,0.29
39,GS,1260,merge_3,0.24,0.48,0.29
40,GS,1260,yesterday_strategy,0.14,0.67,0.19
41,GS,1260,trend,0.38,0,0.62
42,GS,1302,no_merge,0.48,0.24,0.29
43,GS,1302,merge_1,0.48,0.24,0.29
44,GS,1302,merge_2,0.48,0.24,0.29
45,GS,1302,merge_3,0.48,0.24,0.29
46,GS,1302,yesterday_strategy,0.19,0.48,0.33
47,GS,1302,trend,0.52,0,0.48
48,GS,1344,no_merge,0.67,0.0,0.33
49,GS,1344,merge_1,0.67,0.05,0.29
50,GS,1344,merge_2,0.67,0.05,0.29
51,GS,1344,merge_3,0.67,0.05,0.29
52,GS,1344,yesterday_strategy,0.43,0.29,0.29
53,GS,1344,trend,0.67,0,0.33
54,GS,1386,no_merge,0.24,0.62,0.14
55,GS,1386,merge_1,0.14,0.76,0.1
56,GS,1386,merge_2,0.1,0.81,0.1
57,GS,1386,merge_3,0.1,0.81,0.1
58,GS,1386,yesterday_strategy,0.33,0.43,0.24
59,GS,1386,trend,0.57,0,0.43
60,GS,1428,no_merge,0.38,0.38,0.24
61,GS,1428,merge_1,0.29,0.52,0.19
62,GS,1428,merge_2,0.29,0.57,0.14
63,GS,1428,merge_3,0.29,0.57,0.14
64,GS,1428,yesterday_strategy,0.19,0.52,0.29
65,GS,1428,trend,0.48,0,0.52
66,GS,1470,no_merge,0.14,0.71,0.14
67,GS,1470,merge_1,0.14,0.71,0.14
68,GS,1470,merge_2,0.05,0.86,0.1
69,GS,1470,merge_3,0.05,0.86,0.1
70,GS,1470,yesterday_strategy,0.24,0.52,0.24
71,GS,1470,trend,0.48,0,0.52
0,HD,1008,no_merge,0.05,0.9,0.05
1,HD,1008,merge_1,0.05,0.9,0.05
2,HD,1008,merge_2,0.05,0.9,0.05
3,HD,1008,merge_3,0.05,0.9,0.05
4,HD,1008,yesterday_strategy,0.14,0.62,0.24
5,HD,1008,trend,0.43,0,0.57
6,HD,1050,no_merge,0.05,0.95,0.0
7,HD,1050,merge_1,0.05,0.95,0.0
8,HD,1050,merge_2,0.0,1.0,0.0
9,HD,1050,merge_3,0.0,1.0,0.0
10,HD,1050,yesterday_strategy,0.29,0.52,0.19
11,HD,1050,trend,0.43,0,0.57
12,HD,1092,no_merge,0.62,0.05,0.33
13,HD,1092,merge_1,0.33,0.43,0.24
14,HD,1092,merge_2,0.29,0.52,0.19
15,HD,1092,merge_3,0.29,0.52,0.19
16,HD,1092,yesterday_strategy,0.38,0.43,0.19
17,HD,1092,trend,0.62,0,0.38
18,HD,1134,no_merge,0.43,0.19,0.38
19,HD,1134,merge_1,0.38,0.33,0.29
20,HD,1134,merge_2,0.33,0.48,0.19
21,HD,1134,merge_3,0.33,0.48,0.19
22,HD,1134,yesterday_strategy,0.1,0.57,0.33
23,HD,1134,trend,0.48,0,0.52
24,HD,1176,no_merge,0.48,0.14,0.38
25,HD,1176,merge_1,0.48,0.24,0.29
26,HD,1176,merge_2,0.29,0.52,0.19
27,HD,1176,merge_3,0.24,0.57,0.19
28,HD,1176,yesterday_strategy,0.29,0.43,0.29
29,HD,1176,trend,0.52,0,0.48
30,HD,1218,no_merge,0.62,0.05,0.33
31,HD,1218,merge_1,0.43,0.29,0.29
32,HD,1218,merge_2,0.24,0.57,0.19
33,HD,1218,merge_3,0.24,0.57,0.19
34,HD,1218,yesterday_strategy,0.38,0.43,0.19
35,HD,1218,trend,0.62,0,0.38
36,HD,1260,no_merge,0.48,0.1,0.43
37,HD,1260,merge_1,0.38,0.24,0.38
38,HD,1260,merge_2,0.38,0.29,0.33
39,HD,1260,merge_3,0.38,0.29,0.33
40,HD,1260,yesterday_strategy,0.24,0.52,0.24
41,HD,1260,trend,0.52,0,0.48
42,HD,1302,no_merge,0.29,0.38,0.33
43,HD,1302,merge_1,0.14,0.76,0.1
44,HD,1302,merge_2,0.1,0.86,0.05
45,HD,1302,merge_3,0.1,0.86,0.05
46,HD,1302,yesterday_strategy,0.14,0.48,0.38
47,HD,1302,trend,0.52,0,0.48
48,HD,1344,no_merge,0.14,0.81,0.05
49,HD,1344,merge_1,0.14,0.81,0.05
50,HD,1344,merge_2,0.1,0.86,0.05
51,HD,1344,merge_3,0.1,0.86,0.05
52,HD,1344,yesterday_strategy,0.29,0.43,0.29
53,HD,1344,trend,0.52,0,0.48
54,HD,1386,no_merge,0.43,0.33,0.24
55,HD,1386,merge_1,0.38,0.48,0.14
56,HD,1386,merge_2,0.33,0.52,0.14
57,HD,1386,merge_3,0.33,0.52,0.14
58,HD,1386,yesterday_strategy,0.43,0.38,0.19
59,HD,1386,trend,0.62,0,0.38
60,HD,1428,no_merge,0.57,0.14,0.29
61,HD,1428,merge_1,0.48,0.24,0.29
62,HD,1428,merge_2,0.38,0.43,0.19
63,HD,1428,merge_3,0.38,0.43,0.19
64,HD,1428,yesterday_strategy,0.38,0.33,0.29
65,HD,1428,trend,0.67,0,0.33
66,HD,1470,no_merge,0.48,0.29,0.24
67,HD,1470,merge_1,0.48,0.29,0.24
68,HD,1470,merge_2,0.33,0.52,0.14
69,HD,1470,merge_3,0.33,0.52,0.14
70,HD,1470,yesterday_strategy,0.43,0.38,0.19
71,HD,1470,trend,0.67,0,0.33
0,HON,1008,no_merge,0.33,0.43,0.24
1,HON,1008,merge_1,0.29,0.57,0.14
2,HON,1008,merge_2,0.29,0.57,0.14
3,HON,1008,merge_3,0.29,0.57,0.14
4,HON,1008,yesterday_strategy,0.19,0.48,0.33
5,HON,1008,trend,0.52,0,0.48
6,HON,1050,no_merge,0.1,0.86,0.05
7,HON,1050,merge_1,0.1,0.9,0.0
8,HON,1050,merge_2,0.1,0.9,0.0
9,HON,1050,merge_3,0.1,0.9,0.0
10,HON,1050,yesterday_strategy,0.29,0.48,0.24
11,HON,1050,trend,0.48,0,0.52
12,HON,1092,no_merge,0.43,0.43,0.14
13,HON,1092,merge_1,0.43,0.48,0.1
14,HON,1092,merge_2,0.43,0.48,0.1
15,HON,1092,merge_3,0.43,0.48,0.1
16,HON,1092,yesterday_strategy,0.52,0.29,0.19
17,HON,1092,trend,0.71,0,0.29
18,HON,1134,no_merge,0.14,0.52,0.33
19,HON,1134,merge_1,0.05,0.76,0.19
20,HON,1134,merge_2,0.0,0.81,0.19
21,HON,1134,merge_3,0.0,0.81,0.19
22,HON,1134,yesterday_strategy,0.19,0.62,0.19
23,HON,1134,trend,0.38,0,0.62
24,HON,1176,no_merge,0.24,0.57,0.19
25,HON,1176,merge_1,0.14,0.67,0.19
26,HON,1176,merge_2,0.05,0.95,0.0
27,HON,1176,merge_3,0.05,0.95,0.0
28,HON,1176,yesterday_strategy,0.29,0.48,0.24
29,HON,1176,trend,0.52,0,0.48
30,HON,1218,no_merge,0.38,0.38,0.24
31,HON,1218,merge_1,0.14,0.67,0.19
32,HON,1218,merge_2,0.0,0.9,0.1
33,HON,1218,merge_3,0.0,0.9,0.1
34,HON,1218,yesterday_strategy,0.33,0.38,0.29
35,HON,1218,trend,0.62,0,0.38
36,HON,1260,no_merge,0.48,0.24,0.29
37,HON,1260,merge_1,0.48,0.33,0.19
38,HON,1260,merge_2,0.48,0.33,0.19
39,HON,1260,merge_3,0.48,0.33,0.19
40,HON,1260,yesterday_strategy,0.29,0.48,0.24
41,HON,1260,trend,0.57,0,0.43
42,HON,1302,no_merge,0.29,0.52,0.19
43,HON,1302,merge_1,0.19,0.67,0.14
44,HON,1302,merge_2,0.19,0.67,0.14
45,HON,1302,merge_3,0.19,0.67,0.14
46,HON,1302,yesterday_strategy,0.14,0.52,0.33
47,HON,1302,trend,0.43,0,0.57
48,HON,1344,no_merge,0.19,0.76,0.05
49,HON,1344,merge_1,0.14,0.81,0.05
50,HON,1344,merge_2,0.14,0.81,0.05
51,HON,1344,merge_3,0.14,0.81,0.05
52,HON,1344,yesterday_strategy,0.33,0.38,0.29
53,HON,1344,trend,0.57,0,0.43
54,HON,1386,no_merge,0.33,0.33,0.33
55,HON,1386,merge_1,0.29,0.43,0.29
56,HON,1386,merge_2,0.24,0.57,0.19
57,HON,1386,merge_3,0.24,0.57,0.19
58,HON,1386,yesterday_strategy,0.29,0.57,0.14
59,HON,1386,trend,0.48,0,0.52
60,HON,1428,no_merge,0.33,0.33,0.33
61,HON,1428,merge_1,0.33,0.33,0.33
62,HON,1428,merge_2,0.24,0.52,0.24
63,HON,1428,merge_3,0.24,0.52,0.24
64,HON,1428,yesterday_strategy,0.29,0.52,0.19
65,HON,1428,trend,0.48,0,0.52
66,HON,1470,no_merge,0.29,0.52,0.19
67,HON,1470,merge_1,0.29,0.57,0.14
68,HON,1470,merge_2,0.29,0.67,0.05
69,HON,1470,merge_3,0.29,0.67,0.05
70,HON,1470,yesterday_strategy,0.19,0.52,0.29
71,HON,1470,trend,0.52,0,0.48
0,IBM,1008,no_merge,0.1,0.71,0.19
1,IBM,1008,merge_1,0.05,0.76,0.19
2,IBM,1008,merge_2,0.05,0.76,0.19
3,IBM,1008,merge_3,0.05,0.76,0.19
4,IBM,1008,yesterday_strategy,0.14,0.67,0.19
5,IBM,1008,trend,0.38,0,0.62
6,IBM,1050,no_merge,0.38,0.33,0.29
7,IBM,1050,merge_1,0.38,0.38,0.24
8,IBM,1050,merge_2,0.33,0.43,0.24
9,IBM,1050,merge_3,0.33,0.43,0.24
10,IBM,1050,yesterday_strategy,0.19,0.52,0.29
11,IBM,1050,trend,0.48,0,0.52
12,IBM,1092,no_merge,0.1,0.9,0.0
13,IBM,1092,merge_1,0.1,0.9,0.0
14,IBM,1092,merge_2,0.1,0.9,0.0
15,IBM,1092,merge_3,0.1,0.9,0.0
16,IBM,1092,yesterday_strategy,0.24,0.48,0.29
17,IBM,1092,trend,0.52,0,0.48
18,IBM,1134,no_merge,0.14,0.71,0.14
19,IBM,1134,merge_1,0.1,0.76,0.14
20,IBM,1134,merge_2,0.05,0.86,0.1
21,IBM,1134,merge_3,0.05,0.86,0.1
22,IBM,1134,yesterday_strategy,0.14,0.52,0.33
23,IBM,1134,trend,0.48,0,0.52
24,IBM,1176,no_merge,0.05,0.86,0.1
25,IBM,1176,merge_1,0.05,0.86,0.1
26,IBM,1176,merge_2,0.05,0.86,0.1
27,IBM,1176,merge_3,0.05,0.86,0.1
28,IBM,1176,yesterday_strategy,0.19,0.48,0.33
29,IBM,1176,trend,0.52,0,0.48
30,IBM,1218,no_merge,0.33,0.48,0.19
31,IBM,1218,merge_1,0.29,0.57,0.14
32,IBM,1218,merge_2,0.19,0.71,0.1
33,IBM,1218,merge_3,0.19,0.71,0.1
34,IBM,1218,yesterday_strategy,0.29,0.48,0.24
35,IBM,1218,trend,0.52,0,0.48
36,IBM,1260,no_merge,0.38,0.29,0.33
37,IBM,1260,merge_1,0.33,0.33,0.33
38,IBM,1260,merge_2,0.33,0.43,0.24
39,IBM,1260,merge_3,0.33,0.48,0.19
40,IBM,1260,yesterday_strategy,0.19,0.52,0.29
41,IBM,1260,trend,0.52,0,0.48
42,IBM,1302,no_merge,0.43,0.24,0.33
43,IBM,1302,merge_1,0.43,0.29,0.29
44,IBM,1302,merge_2,0.38,0.38,0.24
45,IBM,1302,merge_3,0.38,0.38,0.24
46,IBM,1302,yesterday_strategy,0.14,0.48,0.38
47,IBM,1302,trend,0.48,0,0.52
48,IBM,1344,no_merge,0.05,0.81,0.14
49,IBM,1344,merge_1,0.0,0.95,0.05
50,IBM,1344,merge_2,0.0,0.95,0.05
51,IBM,1344,merge_3,0.0,0.95,0.05
52,IBM,1344,yesterday_strategy,0.14,0.57,0.29
53,IBM,1344,trend,0.38,0,0.62
54,IBM,1386,no_merge,0.1,0.81,0.1
55,IBM,1386,merge_1,0.1,0.86,0.05
56,IBM,1386,merge_2,0.05,0.9,0.05
57,IBM,1386,merge_3,0.05,0.9,0.05
58,IBM,1386,yesterday_strategy,0.24,0.48,0.29
59,IBM,1386,trend,0.52,0,0.48
60,IBM,1428,no_merge,0.38,0.33,0.29
61,IBM,1428,merge_1,0.38,0.33,0.29
62,IBM,1428,merge_2,0.19,0.67,0.14
63,IBM,1428,merge_3,0.19,0.67,0.14
64,IBM,1428,yesterday_strategy,0.19,0.48,0.33
65,IBM,1428,trend,0.52,0,0.48
66,IBM,1470,no_merge,0.24,0.57,0.19
67,IBM,1470,merge_1,0.24,0.57,0.19
68,IBM,1470,merge_2,0.14,0.71,0.14
69,IBM,1470,merge_3,0.14,0.71,0.14
70,IBM,1470,yesterday_strategy,0.29,0.52,0.19
71,IBM,1470,trend,0.52,0,0.48
0,INTC,1008,no_merge,0.05,0.76,0.19
1,INTC,1008,merge_1,0.05,0.81,0.14
2,INTC,1008,merge_2,0.05,0.86,0.1
3,INTC,1008,merge_3,0.05,0.86,0.1
4,INTC,1008,yesterday_strategy,0.05,0.71,0.24
5,INTC,1008,trend,0.29,0,0.71
6,INTC,1050,no_merge,0.57,0.05,0.38
7,INTC,1050,merge_1,0.43,0.33,0.24
8,INTC,1050,merge_2,0.43,0.33,0.24
9,INTC,1050,merge_3,0.43,0.33,0.24
10,INTC,1050,yesterday_strategy,0.29,0.43,0.29
11,INTC,1050,trend,0.57,0,0.43
12,INTC,1092,no_merge,0.52,0.1,0.38
13,INTC,1092,merge_1,0.43,0.24,0.33
14,INTC,1092,merge_2,0.38,0.33,0.29
15,INTC,1092,merge_3,0.38,0.33,0.29
16,INTC,1092,yesterday_strategy,0.29,0.43,0.29
17,INTC,1092,trend,0.57,0,0.43
18,INTC,1134,no_merge,0.33,0.43,0.24
19,INTC,1134,merge_1,0.33,0.48,0.19
20,INTC,1134,merge_2,0.29,0.62,0.1
21,INTC,1134,merge_3,0.29,0.62,0.1
22,INTC,1134,yesterday_strategy,0.19,0.57,0.24
23,INTC,1134,trend,0.48,0,0.52
24,INTC,1176,no_merge,0.05,0.9,0.05
25,INTC,1176,merge_1,0.0,0.95,0.05
26,INTC,1176,merge_2,0.0,1.0,0.0
27,INTC,1176,merge_3,0.0,1.0,0.0
28,INTC,1176,yesterday_strategy,0.24,0.52,0.24
29,INTC,1176,trend,0.48,0,0.52
30,INTC,1218,no_merge,0.57,0.24,0.19
31,INTC,1218,merge_1,0.14,0.81,0.05
32,INTC,1218,merge_2,0.14,0.81,0.05
33,INTC,1218,merge_3,0.14,0.81,0.05
34,INTC,1218,yesterday_strategy,0.38,0.33,0.29
35,INTC,1218,trend,0.67,0,0.33
36,INTC,1260,no_merge,0.24,0.76,0.0
37,INTC,1260,merge_1,0.19,0.81,0.0
38,INTC,1260,merge_2,0.14,0.86,0.0
39,INTC,1260,merge_3,0.14,0.86,0.0
40,INTC,1260,yesterday_strategy,0.29,0.52,0.19
41,INTC,1260,trend,0.52,0,0.48
42,INTC,1302,no_merge,0.38,0.24,0.38
43,INTC,1302,merge_1,0.38,0.33,0.29
44,INTC,1302,merge_2,0.38,0.33,0.29
45,INTC,1302,merge_3,0.38,0.33,0.29
46,INTC,1302,yesterday_strategy,0.14,0.62,0.24
47,INTC,1302,trend,0.43,0,0.57
48,INTC,1344,no_merge,0.05,0.86,0.1
49,INTC,1344,merge_1,0.05,0.9,0.05
50,INTC,1344,merge_2,0.0,1.0,0.0
51,INTC,1344,merge_3,0.0,1.0,0.0
52,INTC,1344,yesterday_strategy,0.33,0.48,0.19
53,INTC,1344,trend,0.48,0,0.52
54,INTC,1386,no_merge,0.14,0.76,0.1
55,INTC,1386,merge_1,0.1,0.9,0.0
56,INTC,1386,merge_2,0.1,0.9,0.0
57,INTC,1386,merge_3,0.05,0.95,0.0
58,INTC,1386,yesterday_strategy,0.33,0.48,0.19
59,INTC,1386,trend,0.52,0,0.48
60,INTC,1428,no_merge,0.48,0.29,0.24
61,INTC,1428,merge_1,0.38,0.43,0.19
62,INTC,1428,merge_2,0.33,0.52,0.14
63,INTC,1428,merge_3,0.33,0.52,0.14
64,INTC,1428,yesterday_strategy,0.24,0.43,0.33
65,INTC,1428,trend,0.62,0,0.38
66,INTC,1470,no_merge,0.33,0.38,0.29
67,INTC,1470,merge_1,0.24,0.52,0.24
68,INTC,1470,merge_2,0.24,0.57,0.19
69,INTC,1470,merge_3,0.24,0.57,0.19
70,INTC,1470,yesterday_strategy,0.29,0.57,0.14
71,INTC,1470,trend,0.43,0,0.57
0,JNJ,1008,no_merge,0.19,0.57,0.24
1,JNJ,1008,merge_1,0.19,0.62,0.19
2,JNJ,1008,merge_2,0.14,0.67,0.19
3,JNJ,1008,merge_3,0.14,0.67,0.19
4,JNJ,1008,yesterday_strategy,0.14,0.52,0.33
5,JNJ,1008,trend,0.48,0,0.52
6,JNJ,1050,no_merge,0.67,0.0,0.33
7,JNJ,1050,merge_1,0.62,0.05,0.33
8,JNJ,1050,merge_2,0.52,0.24,0.24
9,JNJ,1050,merge_3,0.52,0.24,0.24
10,JNJ,1050,yesterday_strategy,0.43,0.29,0.29
11,JNJ,1050,trend,0.67,0,0.33
12,JNJ,1092,no_merge,0.52,0.19,0.29
13,JNJ,1092,merge_1,0.52,0.19,0.29
14,JNJ,1092,merge_2,0.48,0.24,0.29
15,JNJ,1092,merge_3,0.48,0.24,0.29
16,JNJ,1092,yesterday_strategy,0.33,0.38,0.29
17,JNJ,1092,trend,0.57,0,0.43
18,JNJ,1134,no_merge,0.14,0.76,0.1
19,JNJ,1134,merge_1,0.1,0.86,0.05
20,JNJ,1134,merge_2,0.05,0.9,0.05
21,JNJ,1134,merge_3,0.05,0.9,0.05
22,JNJ,1134,yesterday_strategy,0.0,0.67,0.33
23,JNJ,1134,trend,0.38,0,0.62
24,JNJ,1176,no_merge,0.05,0.81,0.14
25,JNJ,1176,merge_1,0.05,0.86,0.1
26,JNJ,1176,merge_2,0.05,0.86,0.1
27,JNJ,1176,merge_3,0.05,0.86,0.1
28,JNJ,1176,yesterday_strategy,0.24,0.48,0.29
29,JNJ,1176,trend,0.48,0,0.52
30,JNJ,1218,no_merge,0.14,0.81,0.05
31,JNJ,1218,merge_1,0.05,0.9,0.05
32,JNJ,1218,merge_2,0.05,0.9,0.05
33,JNJ,1218,merge_3,0.05,0.9,0.05
34,JNJ,1218,yesterday_strategy,0.24,0.43,0.33
35,JNJ,1218,trend,0.52,0,0.48
36,JNJ,1260,no_merge,0.19,0.76,0.05
37,JNJ,1260,merge_1,0.19,0.76,0.05
38,JNJ,1260,merge_2,0.1,0.86,0.05
39,JNJ,1260,merge_3,0.1,0.86,0.05
40,JNJ,1260,yesterday_strategy,0.14,0.52,0.33
41,JNJ,1260,trend,0.52,0,0.48
42,JNJ,1302,no_merge,0.33,0.43,0.24
43,JNJ,1302,merge_1,0.24,0.57,0.19
44,JNJ,1302,merge_2,0.24,0.62,0.14
45,JNJ,1302,merge_3,0.24,0.62,0.14
46,JNJ,1302,yesterday_strategy,0.24,0.48,0.29
47,JNJ,1302,trend,0.52,0,0.48
48,JNJ,1344,no_merge,0.14,0.86,0.0
49,JNJ,1344,merge_1,0.1,0.9,0.0
50,JNJ,1344,merge_2,0.1,0.9,0.0
51,JNJ,1344,merge_3,0.1,0.9,0.0
52,JNJ,1344,yesterday_strategy,0.29,0.52,0.19
53,JNJ,1344,trend,0.43,0,0.57
54,JNJ,1386,no_merge,0.19,0.76,0.05
55,JNJ,1386,merge_1,0.19,0.76,0.05
56,JNJ,1386,merge_2,0.14,0.81,0.05
57,JNJ,1386,merge_3,0.14,0.81,0.05
58,JNJ,1386,yesterday_strategy,0.29,0.43,0.29
59,JNJ,1386,trend,0.57,0,0.43
60,JNJ,1428,no_merge,0.52,0.24,0.24
61,JNJ,1428,merge_1,0.48,0.38,0.14
62,JNJ,1428,merge_2,0.48,0.38,0.14
63,JNJ,1428,merge_3,0.48,0.38,0.14
64,JNJ,1428,yesterday_strategy,0.38,0.38,0.24
65,JNJ,1428,trend,0.62,0,0.38
66,JNJ,1470,no_merge,0.48,0.19,0.33
67,JNJ,1470,merge_1,0.33,0.38,0.29
68,JNJ,1470,merge_2,0.29,0.52,0.19
69,JNJ,1470,merge_3,0.29,0.52,0.19
70,JNJ,1470,yesterday_strategy,0.19,0.52,0.29
71,JNJ,1470,trend,0.52,0,0.48
0,JPM,1008,no_merge,0.19,0.67,0.14
1,JPM,1008,merge_1,0.14,0.81,0.05
2,JPM,1008,merge_2,0.14,0.81,0.05
3,JPM,1008,merge_3,0.14,0.81,0.05
4,JPM,1008,yesterday_strategy,0.1,0.62,0.29
5,JPM,1008,trend,0.38,0,0.62
6,JPM,1050,no_merge,0.14,0.76,0.1
7,JPM,1050,merge_1,0.14,0.76,0.1
8,JPM,1050,merge_2,0.14,0.76,0.1
9,JPM,1050,merge_3,0.14,0.76,0.1
10,JPM,1050,yesterday_strategy,0.38,0.43,0.19
11,JPM,1050,trend,0.52,0,0.48
12,JPM,1092,no_merge,0.48,0.24,0.29
13,JPM,1092,merge_1,0.29,0.62,0.1
14,JPM,1092,merge_2,0.29,0.62,0.1
15,JPM,1092,merge_3,0.29,0.62,0.1
16,JPM,1092,yesterday_strategy,0.33,0.43,0.24
17,JPM,1092,trend,0.57,0,0.43
18,JPM,1134,no_merge,0.38,0.52,0.1
19,JPM,1134,merge_1,0.38,0.57,0.05
20,JPM,1134,merge_2,0.38,0.62,0.0
21,JPM,1134,merge_3,0.33,0.67,0.0
22,JPM,1134,yesterday_strategy,0.33,0.38,0.29
23,JPM,1134,trend,0.67,0,0.33
24,JPM,1176,no_merge,0.24,0.57,0.19
25,JPM,1176,merge_1,0.24,0.62,0.14
26,JPM,1176,merge_2,0.14,0.76,0.1
27,JPM,1176,merge_3,0.14,0.76,0.1
28,JPM,1176,yesterday_strategy,0.24,0.48,0.29
29,JPM,1176,trend,0.48,0,0.52
30,JPM,1218,no_merge,0.29,0.67,0.05
31,JPM,1218,merge_1,0.19,0.76,0.05
32,JPM,1218,merge_2,0.14,0.81,0.05
33,JPM,1218,merge_3,0.14,0.81,0.05
34,JPM,1218,yesterday_strategy,0.38,0.38,0.24
35,JPM,1218,trend,0.62,0,0.38
36,JPM,1260,no_merge,0.24,0.48,0.29
37,JPM,1260,merge_1,0.19,0.62,0.19
38,JPM,1260,merge_2,0.19,0.67,0.14
39,JPM,1260,merge_3,0.19,0.67,0.14
40,JPM,1260,yesterday_strategy,0.14,0.52,0.33
41,JPM,1260,trend,0.52,0,0.48
42,JPM,1302,no_merge,0.43,0.05,0.52
43,JPM,1302,merge_1,0.29,0.24,0.48
44,JPM,1302,merge_2,0.24,0.38,0.38
45,JPM,1302,merge_3,0.24,0.43,0.33
46,JPM,1302,yesterday_strategy,0.14,0.52,0.33
47,JPM,1302,trend,0.48,0,0.52
48,JPM,1344,no_merge,0.43,0.19,0.38
49,JPM,1344,merge_1,0.38,0.29,0.33
50,JPM,1344,merge_2,0.38,0.33,0.29
51,JPM,1344,merge_3,0.38,0.33,0.29
52,JPM,1344,yesterday_strategy,0.14,0.48,0.38
53,JPM,1344,trend,0.48,0,0.52
54,JPM,1386,no_merge,0.24,0.76,0.0
55,JPM,1386,merge_1,0.24,0.76,0.0
56,JPM,1386,merge_2,0.14,0.86,0.0
57,JPM,1386,merge_3,0.14,0.86,0.0
58,JPM,1386,yesterday_strategy,0.33,0.43,0.24
59,JPM,1386,trend,0.57,0,0.43
60,JPM,1428,no_merge,0.29,0.43,0.29
61,JPM,1428,merge_1,0.29,0.48,0.24
62,JPM,1428,merge_2,0.24,0.62,0.14
63,JPM,1428,merge_3,0.24,0.62,0.14
64,JPM,1428,yesterday_strategy,0.14,0.57,0.29
65,JPM,1428,trend,0.48,0,0.52
66,JPM,1470,no_merge,0.29,0.52,0.19
67,JPM,1470,merge_1,0.24,0.57,0.19
68,JPM,1470,merge_2,0.14,0.67,0.19
69,JPM,1470,merge_3,0.14,0.67,0.19
70,JPM,1470,yesterday_strategy,0.19,0.52,0.29
71,JPM,1470,trend,0.48,0,0.52
0,MCD,1008,no_merge,0.38,0.48,0.14
1,MCD,1008,merge_1,0.38,0.52,0.1
2,MCD,1008,merge_2,0.33,0.57,0.1
3,MCD,1008,merge_3,0.33,0.57,0.1
4,MCD,1008,yesterday_strategy,0.24,0.43,0.33
5,MCD,1008,trend,0.62,0,0.38
6,MCD,1050,no_merge,0.33,0.24,0.43
7,MCD,1050,merge_1,0.33,0.24,0.43
8,MCD,1050,merge_2,0.33,0.29,0.38
9,MCD,1050,merge_3,0.33,0.29,0.38
10,MCD,1050,yesterday_strategy,0.19,0.52,0.29
11,MCD,1050,trend,0.48,0,0.52
12,MCD,1092,no_merge,0.38,0.43,0.19
13,MCD,1092,merge_1,0.33,0.52,0.14
14,MCD,1092,merge_2,0.24,0.62,0.14
15,MCD,1092,merge_3,0.24,0.62,0.14
16,MCD,1092,yesterday_strategy,0.14,0.48,0.38
17,MCD,1092,trend,0.48,0,0.52
18,MCD,1134,no_merge,0.19,0.62,0.19
19,MCD,1134,merge_1,0.14,0.71,0.14
20,MCD,1134,merge_2,0.05,0.95,0.0
21,MCD,1134,merge_3,0.05,0.95,0.0
22,MCD,1134,yesterday_strategy,0.14,0.62,0.24
23,MCD,1134,trend,0.43,0,0.57
24,MCD,1176,no_merge,0.29,0.38,0.33
25,MCD,1176,merge_1,0.24,0.48,0.29
26,MCD,1176,merge_2,0.14,0.62,0.24
27,MCD,1176,merge_3,0.14,0.62,0.24
28,MCD,1176,yesterday_strategy,0.14,0.52,0.33
29,MCD,1176,trend,0.43,0,0.57
30,MCD,1218,no_merge,0.29,0.71,0.0
31,MCD,1218,merge_1,0.29,0.71,0.0
32,MCD,1218,merge_2,0.24,0.76,0.0
33,MCD,1218,merge_3,0.24,0.76,0.0
34,MCD,1218,yesterday_strategy,0.67,0.19,0.14
35,MCD,1218,trend,0.81,0,0.19
36,MCD,1260,no_merge,0.38,0.29,0.33
37,MCD,1260,merge_1,0.38,0.33,0.29
38,MCD,1260,merge_2,0.38,0.38,0.24
39,MCD,1260,merge_3,0.38,0.38,0.24
40,MCD,1260,yesterday_strategy,0.24,0.52,0.24
41,MCD,1260,trend,0.48,0,0.52
42,MCD,1302,no_merge,0.43,0.33,0.24
43,MCD,1302,merge_1,0.43,0.38,0.19
44,MCD,1302,merge_2,0.38,0.43,0.19
45,MCD,1302,merge_3,0.38,0.43,0.19
46,MCD,1302,yesterday_strategy,0.29,0.48,0.24
47,MCD,1302,trend,0.52,0,0.48
48,MCD,1344,no_merge,0.38,0.43,0.19
49,MCD,1344,merge_1,0.29,0.62,0.1
50,MCD,1344,merge_2,0.24,0.67,0.1
51,MCD,1344,merge_3,0.24,0.67,0.1
52,MCD,1344,yesterday_strategy,0.19,0.52,0.29
53,MCD,1344,trend,0.43,0,0.57
54,MCD,1386,no_merge,0.29,0.38,0.33
55,MCD,1386,merge_1,0.29,0.48,0.24
56,MCD,1386,merge_2,0.24,0.57,0.19
57,MCD,1386,merge_3,0.24,0.57,0.19
58,MCD,1386,yesterday_strategy,0.33,0.48,0.19
59,MCD,1386,trend,0.52,0,0.48
60,MCD,1428,no_merge,0.57,0.1,0.33
61,MCD,1428,merge_1,0.52,0.29,0.19
62,MCD,1428,merge_2,0.48,0.33,0.19
63,MCD,1428,merge_3,0.48,0.33,0.19
64,MCD,1428,yesterday_strategy,0.29,0.43,0.29
65,MCD,1428,trend,0.62,0,0.38
66,MCD,1470,no_merge,0.48,0.24,0.29
67,MCD,1470,merge_1,0.43,0.33,0.24
68,MCD,1470,merge_2,0.29,0.52,0.19
69,MCD,1470,merge_3,0.29,0.52,0.19
70,MCD,1470,yesterday_strategy,0.33,0.38,0.29
71,MCD,1470,trend,0.62,0,0.38
0,MRK,1008,no_merge,0.48,0.1,0.43
1,MRK,1008,merge_1,0.43,0.14,0.43
2,MRK,1008,merge_2,0.43,0.14,0.43
3,MRK,1008,merge_3,0.43,0.14,0.43
4,MRK,1008,yesterday_strategy,0.29,0.52,0.19
5,MRK,1008,trend,0.48,0,0.52
6,MRK,1050,no_merge,0.14,0.67,0.19
7,MRK,1050,merge_1,0.1,0.81,0.1
8,MRK,1050,merge_2,0.1,0.81,0.1
9,MRK,1050,merge_3,0.1,0.81,0.1
10,MRK,1050,yesterday_strategy,0.14,0.57,0.29
11,MRK,1050,trend,0.38,0,0.62
12,MRK,1092,no_merge,0.57,0.0,0.43
13,MRK,1092,merge_1,0.52,0.14,0.33
14,MRK,1092,merge_2,0.52,0.19,0.29
15,MRK,1092,merge_3,0.52,0.19,0.29
16,MRK,1092,yesterday_strategy,0.29,0.43,0.29
17,MRK,1092,trend,0.57,0,0.43
18,MRK,1134,no_merge,0.14,0.76,0.1
19,MRK,1134,merge_1,0.05,0.86,0.1
20,MRK,1134,merge_2,0.05,0.86,0.1
21,MRK,1134,merge_3,0.05,0.86,0.1
22,MRK,1134,yesterday_strategy,0.1,0.57,0.33
23,MRK,1134,trend,0.43,0,0.57
24,MRK,1176,no_merge,0.0,1.0,0.0
25,MRK,1176,merge_1,0.0,1.0,0.0
26,MRK,1176,merge_2,0.0,1.0,0.0
27,MRK,1176,merge_3,0.0,1.0,0.0
28,MRK,1176,yesterday_strategy,0.14,0.52,0.33
29,MRK,1176,trend,0.43,0,0.57
30,MRK,1218,no_merge,0.33,0.43,0.24
31,MRK,1218,merge_1,0.33,0.57,0.1
32,MRK,1218,merge_2,0.33,0.67,0.0
33,MRK,1218,merge_3,0.33,0.67,0.0
34,MRK,1218,yesterday_strategy,0.29,0.38,0.33
35,MRK,1218,trend,0.62,0,0.38
36,MRK,1260,no_merge,0.05,0.95,0.0
37,MRK,1260,merge_1,0.05,0.95,0.0
38,MRK,1260,merge_2,0.0,1.0,0.0
39,MRK,1260,merge_3,0.0,1.0,0.0
40,MRK,1260,yesterday_strategy,0.14,0.52,0.33
41,MRK,1260,trend,0.48,0,0.52
42,MRK,1302,no_merge,0.33,0.43,0.24
43,MRK,1302,merge_1,0.33,0.48,0.19
44,MRK,1302,merge_2,0.29,0.52,0.19
45,MRK,1302,merge_3,0.29,0.52,0.19
46,MRK,1302,yesterday_strategy,0.38,0.38,0.24
47,MRK,1302,trend,0.57,0,0.43
48,MRK,1344,no_merge,0.1,0.81,0.1
49,MRK,1344,merge_1,0.1,0.86,0.05
50,MRK,1344,merge_2,0.1,0.86,0.05
51,MRK,1344,merge_3,0.1,0.86,0.05
52,MRK,1344,yesterday_strategy,0.19,0.57,0.24
53,MRK,1344,trend,0.38,0,0.62
54,MRK,1386,no_merge,0.19,0.52,0.29
55,MRK,1386,merge_1,0.14,0.57,0.29
56,MRK,1386,merge_2,0.1,0.67,0.24
57,MRK,1386,merge_3,0.1,0.67,0.24
58,MRK,1386,yesterday_strategy,0.24,0.48,0.29
59,MRK,1386,trend,0.52,0,0.48
60,MRK,1428,no_merge,0.19,0.71,0.1
61,MRK,1428,merge_1,0.19,0.71,0.1
62,MRK,1428,merge_2,0.19,0.71,0.1
63,MRK,1428,merge_3,0.19,0.71,0.1
64,MRK,1428,yesterday_strategy,0.24,0.48,0.29
65,MRK,1428,trend,0.52,0,0.48
66,MRK,1470,no_merge,0.1,0.9,0.0
67,MRK,1470,merge_1,0.05,0.95,0.0
68,MRK,1470,merge_2,0.0,1.0,0.0
69,MRK,1470,merge_3,0.0,1.0,0.0
70,MRK,1470,yesterday_strategy,0.19,0.57,0.24
71,MRK,1470,trend,0.43,0,0.57
0,MSFT,1008,no_merge,0.38,0.19,0.43
1,MSFT,1008,merge_1,0.24,0.57,0.19
2,MSFT,1008,merge_2,0.19,0.67,0.14
3,MSFT,1008,merge_3,0.19,0.67,0.14
4,MSFT,1008,yesterday_strategy,0.29,0.48,0.24
5,MSFT,1008,trend,0.52,0,0.48
6,MSFT,1050,no_merge,0.33,0.43,0.24
7,MSFT,1050,merge_1,0.33,0.48,0.19
8,MSFT,1050,merge_2,0.29,0.52,0.19
9,MSFT,1050,merge_3,0.29,0.52,0.19
10,MSFT,1050,yesterday_strategy,0.19,0.57,0.24
11,MSFT,1050,trend,0.43,0,0.57
12,MSFT,1092,no_merge,0.52,0.24,0.24
13,MSFT,1092,merge_1,0.48,0.33,0.19
14,MSFT,1092,merge_2,0.38,0.48,0.14
15,MSFT,1092,merge_3,0.38,0.48,0.14
16,MSFT,1092,yesterday_strategy,0.29,0.43,0.29
17,MSFT,1092,trend,0.57,0,0.43
18,MSFT,1134,no_merge,0.29,0.48,0.24
19,MSFT,1134,merge_1,0.24,0.57,0.19
20,MSFT,1134,merge_2,0.24,0.57,0.19
21,MSFT,1134,merge_3,0.24,0.57,0.19
22,MSFT,1134,yesterday_strategy,0.33,0.48,0.19
23,MSFT,1134,trend,0.52,0,0.48
24,MSFT,1176,no_merge,0.0,1.0,0.0
25,MSFT,1176,merge_1,0.0,1.0,0.0
26,MSFT,1176,merge_2,0.0,1.0,0.0
27,MSFT,1176,merge_3,0.0,1.0,0.0
28,MSFT,1176,yesterday_strategy,0.29,0.43,0.29
29,MSFT,1176,trend,0.52,0,0.48
30,MSFT,1218,no_merge,0.1,0.86,0.05
31,MSFT,1218,merge_1,0.1,0.86,0.05
32,MSFT,1218,merge_2,0.1,0.9,0.0
33,MSFT,1218,merge_3,0.1,0.9,0.0
34,MSFT,1218,yesterday_strategy,0.19,0.57,0.24
35,MSFT,1218,trend,0.43,0,0.57
36,MSFT,1260,no_merge,0.24,0.71,0.05
37,MSFT,1260,merge_1,0.19,0.76,0.05
38,MSFT,1260,merge_2,0.19,0.76,0.05
39,MSFT,1260,merge_3,0.19,0.76,0.05
40,MSFT,1260,yesterday_strategy,0.29,0.52,0.19
41,MSFT,1260,trend,0.52,0,0.48
42,MSFT,1302,no_merge,0.19,0.48,0.33
43,MSFT,1302,merge_1,0.19,0.52,0.29
44,MSFT,1302,merge_2,0.19,0.52,0.29
45,MSFT,1302,merge_3,0.19,0.52,0.29
46,MSFT,1302,yesterday_strategy,0.14,0.57,0.29
47,MSFT,1302,trend,0.38,0,0.62
48,MSFT,1344,no_merge,0.0,0.95,0.05
49,MSFT,1344,merge_1,0.0,0.95,0.05
50,MSFT,1344,merge_2,0.0,0.95,0.05
51,MSFT,1344,merge_3,0.0,0.95,0.05
52,MSFT,1344,yesterday_strategy,0.1,0.71,0.19
53,MSFT,1344,trend,0.24,0,0.76
54,MSFT,1386,no_merge,0.29,0.67,0.05
55,MSFT,1386,merge_1,0.19,0.76,0.05
56,MSFT,1386,merge_2,0.19,0.76,0.05
57,MSFT,1386,merge_3,0.19,0.76,0.05
58,MSFT,1386,yesterday_strategy,0.43,0.33,0.24
59,MSFT,1386,trend,0.67,0,0.33
60,MSFT,1428,no_merge,0.57,0.29,0.14
61,MSFT,1428,merge_1,0.43,0.43,0.14
62,MSFT,1428,merge_2,0.43,0.43,0.14
63,MSFT,1428,merge_3,0.43,0.43,0.14
64,MSFT,1428,yesterday_strategy,0.38,0.38,0.24
65,MSFT,1428,trend,0.67,0,0.33
66,MSFT,1470,no_merge,0.48,0.19,0.33
67,MSFT,1470,merge_1,0.48,0.24,0.29
68,MSFT,1470,merge_2,0.48,0.33,0.19
69,MSFT,1470,merge_3,0.48,0.33,0.19
70,MSFT,1470,yesterday_strategy,0.19,0.48,0.33
71,MSFT,1470,trend,0.52,0,0.48
0,NKE,1008,no_merge,0.05,0.9,0.05
1,NKE,1008,merge_1,0.05,0.9,0.05
2,NKE,1008,merge_2,0.05,0.9,0.05
3,NKE,1008,merge_3,0.05,0.9,0.05
4,NKE,1008,yesterday_strategy,0.05,0.71,0.24
5,NKE,1008,trend,0.33,0,0.67
6,NKE,1050,no_merge,0.05,0.95,0.0
7,NKE,1050,merge_1,0.0,1.0,0.0
8,NKE,1050,merge_2,0.0,1.0,0.0
9,NKE,1050,merge_3,0.0,1.0,0.0
10,NKE,1050,yesterday_strategy,0.24,0.52,0.24
11,NKE,1050,trend,0.43,0,0.57
12,NKE,1092,no_merge,0.43,0.43,0.14
13,NKE,1092,merge_1,0.33,0.57,0.1
14,NKE,1092,merge_2,0.33,0.57,0.1
15,NKE,1092,merge_3,0.33,0.57,0.1
16,NKE,1092,yesterday_strategy,0.33,0.43,0.24
17,NKE,1092,trend,0.62,0,0.38
18,NKE,1134,no_merge,0.24,0.71,0.05
19,NKE,1134,merge_1,0.19,0.76,0.05
20,NKE,1134,merge_2,0.19,0.76,0.05
21,NKE,1134,merge_3,0.19,0.76,0.05
22,NKE,1134,yesterday_strategy,0.14,0.52,0.33
23,NKE,1134,trend,0.52,0,0.48
24,NKE,1176,no_merge,0.19,0.52,0.29
25,NKE,1176,merge_1,0.14,0.62,0.24
26,NKE,1176,merge_2,0.1,0.71,0.19
27,NKE,1176,merge_3,0.1,0.71,0.19
28,NKE,1176,yesterday_strategy,0.14,0.48,0.38
29,NKE,1176,trend,0.48,0,0.52
30,NKE,1218,no_merge,0.43,0.38,0.19
31,NKE,1218,merge_1,0.24,0.67,0.1
32,NKE,1218,merge_2,0.24,0.67,0.1
33,NKE,1218,merge_3,0.24,0.67,0.1
34,NKE,1218,yesterday_strategy,0.48,0.29,0.24
35,NKE,1218,trend,0.71,0,0.29
36,NKE,1260,no_merge,0.19,0.76,0.05
37,NKE,1260,merge_1,0.14,0.81,0.05
38,NKE,1260,merge_2,0.1,0.86,0.05
39,NKE,1260,merge_3,0.1,0.86,0.05
40,NKE,1260,yesterday_strategy,0.19,0.57,0.24
41,NKE,1260,trend,0.48,0,0.52
42,NKE,1302,no_merge,0.57,0.29,0.14
43,NKE,1302,merge_1,0.52,0.38,0.1
44,NKE,1302,merge_2,0.52,0.38,0.1
45,NKE,1302,merge_3,0.52,0.38,0.1
46,NKE,1302,yesterday_strategy,0.33,0.43,0.24
47,NKE,1302,trend,0.57,0,0.43
48,NKE,1344,no_merge,0.29,0.43,0.29
49,NKE,1344,merge_1,0.19,0.67,0.14
50,NKE,1344,merge_2,0.1,0.86,0.05
51,NKE,1344,merge_3,0.1,0.86,0.05
52,NKE,1344,yesterday_strategy,0.24,0.52,0.24
53,NKE,1344,trend,0.43,0,0.57
54,NKE,1386,no_merge,0.43,0.24,0.33
55,NKE,1386,merge_1,0.38,0.29,0.33
56,NKE,1386,merge_2,0.38,0.29,0.33
57,NKE,1386,merge_3,0.38,0.29,0.33
58,NKE,1386,yesterday_strategy,0.38,0.38,0.24
59,NKE,1386,trend,0.62,0,0.38
60,NKE,1428,no_merge,0.52,0.05,0.43
61,NKE,1428,merge_1,0.52,0.05,0.43
62,NKE,1428,merge_2,0.52,0.05,0.43
63,NKE,1428,merge_3,0.52,0.05,0.43
64,NKE,1428,yesterday_strategy,0.29,0.48,0.24
65,NKE,1428,trend,0.52,0,0.48
66,NKE,1470,no_merge,0.24,0.43,0.33
67,NKE,1470,merge_1,0.19,0.57,0.24
68,NKE,1470,merge_2,0.14,0.71,0.14
69,NKE,1470,merge_3,0.14,0.71,0.14
70,NKE,1470,yesterday_strategy,0.1,0.62,0.29
71,NKE,1470,trend,0.43,0,0.57
0,PG,1008,no_merge,0.14,0.76,0.1
1,PG,1008,merge_1,0.1,0.81,0.1
2,PG,1008,merge_2,0.1,0.81,0.1
3,PG,1008,merge_3,0.1,0.81,0.1
4,PG,1008,yesterday_strategy,0.1,0.62,0.29
5,PG,1008,trend,0.38,0,0.62
6,PG,1050,no_merge,0.43,0.29,0.29
7,PG,1050,merge_1,0.33,0.38,0.29
8,PG,1050,merge_2,0.24,0.48,0.29
9,PG,1050,merge_3,0.24,0.48,0.29
10,PG,1050,yesterday_strategy,0.29,0.52,0.19
11,PG,1050,trend,0.48,0,0.52
12,PG,1092,no_merge,0.14,0.86,0.0
13,PG,1092,merge_1,0.14,0.86,0.0
14,PG,1092,merge_2,0.1,0.9,0.0
15,PG,1092,merge_3,0.1,0.9,0.0
16,PG,1092,yesterday_strategy,0.29,0.52,0.19
17,PG,1092,trend,0.43,0,0.57
18,PG,1134,no_merge,0.29,0.33,0.38
19,PG,1134,merge_1,0.24,0.43,0.33
20,PG,1134,merge_2,0.14,0.62,0.24
21,PG,1134,merge_3,0.14,0.62,0.24
22,PG,1134,yesterday_strategy,0.1,0.62,0.29
23,PG,1134,trend,0.38,0,0.62
24,PG,1176,no_merge,0.38,0.29,0.33
25,PG,1176,merge_1,0.33,0.43,0.24
26,PG,1176,merge_2,0.33,0.48,0.19
27,PG,1176,merge_3,0.29,0.52,0.19
28,PG,1176,yesterday_strategy,0.24,0.48,0.29
29,PG,1176,trend,0.48,0,0.52
30,PG,1218,no_merge,0.29,0.57,0.14
31,PG,1218,merge_1,0.19,0.67,0.14
32,PG,1218,merge_2,0.19,0.71,0.1
33,PG,1218,merge_3,0.14,0.76,0.1
34,PG,1218,yesterday_strategy,0.29,0.43,0.29
35,PG,1218,trend,0.57,0,0.43
36,PG,1260,no_merge,0.1,0.81,0.1
37,PG,1260,merge_1,0.05,0.86,0.1
38,PG,1260,merge_2,0.05,0.86,0.1
39,PG,1260,merge_3,0.05,0.86,0.1
40,PG,1260,yesterday_strategy,0.14,0.57,0.29
41,PG,1260,trend,0.48,0,0.52
42,PG,1302,no_merge,0.14,0.76,0.1
43,PG,1302,merge_1,0.1,0.86,0.05
44,PG,1302,merge_2,0.1,0.86,0.05
45,PG,1302,merge_3,0.1,0.86,0.05
46,PG,1302,yesterday_strategy,0.19,0.48,0.33
47,PG,1302,trend,0.52,0,0.48
48,PG,1344,no_merge,0.14,0.71,0.14
49,PG,1344,merge_1,0.1,0.81,0.1
50,PG,1344,merge_2,0.1,0.81,0.1
51,PG,1344,merge_3,0.1,0.81,0.1
52,PG,1344,yesterday_strategy,0.05,0.67,0.29
53,PG,1344,trend,0.38,0,0.62
54,PG,1386,no_merge,0.1,0.86,0.05
55,PG,1386,merge_1,0.1,0.86,0.05
56,PG,1386,merge_2,0.1,0.86,0.05
57,PG,1386,merge_3,0.1,0.86,0.05
58,PG,1386,yesterday_strategy,0.24,0.67,0.1
59,PG,1386,trend,0.33,0,0.67
60,PG,1428,no_merge,0.67,0.0,0.33
61,PG,1428,merge_1,0.57,0.19,0.24
62,PG,1428,merge_2,0.57,0.19,0.24
63,PG,1428,merge_3,0.57,0.19,0.24
64,PG,1428,yesterday_strategy,0.33,0.38,0.29
65,PG,1428,trend,0.67,0,0.33
66,PG,1470,no_merge,0.29,0.38,0.33
67,PG,1470,merge_1,0.29,0.38,0.33
68,PG,1470,merge_2,0.19,0.52,0.29
69,PG,1470,merge_3,0.19,0.52,0.29
70,PG,1470,yesterday_strategy,0.14,0.57,0.29
71,PG,1470,trend,0.43,0,0.57
0,CRM,1008,no_merge,0.48,0.1,0.43
1,CRM,1008,merge_1,0.38,0.29,0.33
2,CRM,1008,merge_2,0.29,0.52,0.19
3,CRM,1008,merge_3,0.29,0.52,0.19
4,CRM,1008,yesterday_strategy,0.24,0.48,0.29
5,CRM,1008,trend,0.57,0,0.43
6,CRM,1050,no_merge,0.14,0.81,0.05
7,CRM,1050,merge_1,0.1,0.86,0.05
8,CRM,1050,merge_2,0.05,0.9,0.05
9,CRM,1050,merge_3,0.05,0.9,0.05
10,CRM,1050,yesterday_strategy,0.14,0.57,0.29
11,CRM,1050,trend,0.43,0,0.57
12,CRM,1092,no_merge,0.52,0.14,0.33
13,CRM,1092,merge_1,0.29,0.62,0.1
14,CRM,1092,merge_2,0.19,0.71,0.1
15,CRM,1092,merge_3,0.19,0.71,0.1
16,CRM,1092,yesterday_strategy,0.29,0.52,0.19
17,CRM,1092,trend,0.52,0,0.48
18,CRM,1134,no_merge,0.24,0.52,0.24
19,CRM,1134,merge_1,0.14,0.76,0.1
20,CRM,1134,merge_2,0.14,0.81,0.05
21,CRM,1134,merge_3,0.14,0.81,0.05
22,CRM,1134,yesterday_strategy,0.1,0.57,0.33
23,CRM,1134,trend,0.43,0,0.57
24,CRM,1176,no_merge,0.0,0.9,0.1
25,CRM,1176,merge_1,0.0,0.9,0.1
26,CRM,1176,merge_2,0.0,0.95,0.05
27,CRM,1176,merge_3,0.0,0.95,0.05
28,CRM,1176,yesterday_strategy,0.24,0.43,0.33
29,CRM,1176,trend,0.52,0,0.48
30,CRM,1218,no_merge,0.24,0.62,0.14
31,CRM,1218,merge_1,0.19,0.67,0.14
32,CRM,1218,merge_2,0.19,0.71,0.1
33,CRM,1218,merge_3,0.19,0.71,0.1
34,CRM,1218,yesterday_strategy,0.1,0.67,0.24
35,CRM,1218,trend,0.38,0,0.62
36,CRM,1260,no_merge,0.48,0.33,0.19
37,CRM,1260,merge_1,0.38,0.43,0.19
38,CRM,1260,merge_2,0.29,0.62,0.1
39,CRM,1260,merge_3,0.29,0.67,0.05
40,CRM,1260,yesterday_strategy,0.38,0.43,0.19
41,CRM,1260,trend,0.62,0,0.38
42,CRM,1302,no_merge,0.33,0.43,0.24
43,CRM,1302,merge_1,0.29,0.52,0.19
44,CRM,1302,merge_2,0.29,0.52,0.19
45,CRM,1302,merge_3,0.29,0.52,0.19
46,CRM,1302,yesterday_strategy,0.38,0.43,0.19
47,CRM,1302,trend,0.57,0,0.43
48,CRM,1344,no_merge,0.33,0.52,0.14
49,CRM,1344,merge_1,0.29,0.57,0.14
50,CRM,1344,merge_2,0.29,0.62,0.1
51,CRM,1344,merge_3,0.19,0.71,0.1
52,CRM,1344,yesterday_strategy,0.19,0.43,0.38
53,CRM,1344,trend,0.52,0,0.48
54,CRM,1386,no_merge,0.29,0.57,0.14
55,CRM,1386,merge_1,0.19,0.71,0.1
56,CRM,1386,merge_2,0.19,0.71,0.1
57,CRM,1386,merge_3,0.19,0.71,0.1
58,CRM,1386,yesterday_strategy,0.19,0.48,0.33
59,CRM,1386,trend,0.52,0,0.48
60,CRM,1428,no_merge,0.62,0.0,0.38
61,CRM,1428,merge_1,0.52,0.14,0.33
62,CRM,1428,merge_2,0.52,0.14,0.33
63,CRM,1428,merge_3,0.52,0.14,0.33
64,CRM,1428,yesterday_strategy,0.29,0.38,0.33
65,CRM,1428,trend,0.62,0,0.38
66,CRM,1470,no_merge,0.38,0.48,0.14
67,CRM,1470,merge_1,0.19,0.71,0.1
68,CRM,1470,merge_2,0.19,0.71,0.1
69,CRM,1470,merge_3,0.19,0.71,0.1
70,CRM,1470,yesterday_strategy,0.29,0.48,0.24
71,CRM,1470,trend,0.57,0,0.43
0,TRV,1008,no_merge,0.14,0.81,0.05
1,TRV,1008,merge_1,0.1,0.86,0.05
2,TRV,1008,merge_2,0.1,0.86,0.05
3,TRV,1008,merge_3,0.1,0.86,0.05
4,TRV,1008,yesterday_strategy,0.14,0.67,0.19
5,TRV,1008,trend,0.38,0,0.62
6,TRV,1050,no_merge,0.62,0.0,0.38
7,TRV,1050,merge_1,0.52,0.19,0.29
8,TRV,1050,merge_2,0.52,0.24,0.24
9,TRV,1050,merge_3,0.52,0.24,0.24
10,TRV,1050,yesterday_strategy,0.43,0.38,0.19
11,TRV,1050,trend,0.62,0,0.38
12,TRV,1092,no_merge,0.62,0.1,0.29
13,TRV,1092,merge_1,0.48,0.33,0.19
14,TRV,1092,merge_2,0.33,0.52,0.14
15,TRV,1092,merge_3,0.33,0.52,0.14
16,TRV,1092,yesterday_strategy,0.33,0.33,0.33
17,TRV,1092,trend,0.62,0,0.38
18,TRV,1134,no_merge,0.19,0.62,0.19
19,TRV,1134,merge_1,0.19,0.67,0.14
20,TRV,1134,merge_2,0.19,0.76,0.05
21,TRV,1134,merge_3,0.19,0.76,0.05
22,TRV,1134,yesterday_strategy,0.19,0.57,0.24
23,TRV,1134,trend,0.48,0,0.52
24,TRV,1176,no_merge,0.48,0.24,0.29
25,TRV,1176,merge_1,0.43,0.33,0.24
26,TRV,1176,merge_2,0.19,0.76,0.05
27,TRV,1176,merge_3,0.19,0.76,0.05
28,TRV,1176,yesterday_strategy,0.19,0.57,0.24
29,TRV,1176,trend,0.48,0,0.52
30,TRV,1218,no_merge,0.67,0.1,0.24
31,TRV,1218,merge_1,0.29,0.57,0.14
32,TRV,1218,merge_2,0.1,0.81,0.1
33,TRV,1218,merge_3,0.1,0.81,0.1
34,TRV,1218,yesterday_strategy,0.48,0.29,0.24
35,TRV,1218,trend,0.67,0,0.33
36,TRV,1260,no_merge,0.43,0.33,0.24
37,TRV,1260,merge_1,0.43,0.33,0.24
38,TRV,1260,merge_2,0.38,0.38,0.24
39,TRV,1260,merge_3,0.38,0.38,0.24
40,TRV,1260,yesterday_strategy,0.24,0.52,0.24
41,TRV,1260,trend,0.52,0,0.48
42,TRV,1302,no_merge,0.19,0.62,0.19
43,TRV,1302,merge_1,0.14,0.67,0.19
44,TRV,1302,merge_2,0.14,0.67,0.19
45,TRV,1302,merge_3,0.14,0.67,0.19
46,TRV,1302,yesterday_strategy,0.14,0.52,0.33
47,TRV,1302,trend,0.43,0,0.57
48,TRV,1344,no_merge,0.0,0.95,0.05
49,TRV,1344,merge_1,0.0,0.95,0.05
50,TRV,1344,merge_2,0.0,1.0,0.0
51,TRV,1344,merge_3,0.0,1.0,0.0
52,TRV,1344,yesterday_strategy,0.19,0.57,0.24
53,TRV,1344,trend,0.38,0,0.62
54,TRV,1386,no_merge,0.43,0.33,0.24
55,TRV,1386,merge_1,0.38,0.38,0.24
56,TRV,1386,merge_2,0.38,0.43,0.19
57,TRV,1386,merge_3,0.38,0.43,0.19
58,TRV,1386,yesterday_strategy,0.43,0.38,0.19
59,TRV,1386,trend,0.62,0,0.38
60,TRV,1428,no_merge,0.38,0.33,0.29
61,TRV,1428,merge_1,0.24,0.67,0.1
62,TRV,1428,merge_2,0.24,0.67,0.1
63,TRV,1428,merge_3,0.24,0.67,0.1
64,TRV,1428,yesterday_strategy,0.19,0.43,0.38
65,TRV,1428,trend,0.57,0,0.43
66,TRV,1470,no_merge,0.14,0.86,0.0
67,TRV,1470,merge_1,0.1,0.9,0.0
68,TRV,1470,merge_2,0.05,0.95,0.0
69,TRV,1470,merge_3,0.05,0.95,0.0
70,TRV,1470,yesterday_strategy,0.14,0.57,0.29
71,TRV,1470,trend,0.43,0,0.57
0,UNH,1008,no_merge,0.14,0.76,0.1
1,UNH,1008,merge_1,0.1,0.81,0.1
2,UNH,1008,merge_2,0.1,0.86,0.05
3,UNH,1008,merge_3,0.1,0.86,0.05
4,UNH,1008,yesterday_strategy,0.14,0.57,0.29
5,UNH,1008,trend,0.48,0,0.52
6,UNH,1050,no_merge,0.24,0.52,0.24
7,UNH,1050,merge_1,0.24,0.52,0.24
8,UNH,1050,merge_2,0.24,0.57,0.19
9,UNH,1050,merge_3,0.24,0.57,0.19
10,UNH,1050,yesterday_strategy,0.19,0.52,0.29
11,UNH,1050,trend,0.48,0,0.52
12,UNH,1092,no_merge,0.48,0.33,0.19
13,UNH,1092,merge_1,0.43,0.48,0.1
14,UNH,1092,merge_2,0.38,0.52,0.1
15,UNH,1092,merge_3,0.38,0.52,0.1
16,UNH,1092,yesterday_strategy,0.38,0.33,0.29
17,UNH,1092,trend,0.67,0,0.33
18,UNH,1134,no_merge,0.14,0.71,0.14
19,UNH,1134,merge_1,0.1,0.76,0.14
20,UNH,1134,merge_2,0.1,0.76,0.14
21,UNH,1134,merge_3,0.1,0.76,0.14
22,UNH,1134,yesterday_strategy,0.14,0.57,0.29
23,UNH,1134,trend,0.48,0,0.52
24,UNH,1176,no_merge,0.19,0.57,0.24
25,UNH,1176,merge_1,0.1,0.76,0.14
26,UNH,1176,merge_2,0.1,0.81,0.1
27,UNH,1176,merge_3,0.1,0.81,0.1
28,UNH,1176,yesterday_strategy,0.19,0.52,0.29
29,UNH,1176,trend,0.43,0,0.57
30,UNH,1218,no_merge,0.62,0.1,0.29
31,UNH,1218,merge_1,0.57,0.19,0.24
32,UNH,1218,merge_2,0.57,0.19,0.24
33,UNH,1218,merge_3,0.57,0.19,0.24
34,UNH,1218,yesterday_strategy,0.48,0.29,0.24
35,UNH,1218,trend,0.67,0,0.33
36,UNH,1260,no_merge,0.62,0.1,0.29
37,UNH,1260,merge_1,0.48,0.33,0.19
38,UNH,1260,merge_2,0.43,0.43,0.14
39,UNH,1260,merge_3,0.43,0.43,0.14
40,UNH,1260,yesterday_strategy,0.38,0.43,0.19
41,UNH,1260,trend,0.62,0,0.38
42,UNH,1302,no_merge,0.24,0.62,0.14
43,UNH,1302,merge_1,0.19,0.67,0.14
44,UNH,1302,merge_2,0.19,0.67,0.14
45,UNH,1302,merge_3,0.19,0.67,0.14
46,UNH,1302,yesterday_strategy,0.24,0.52,0.24
47,UNH,1302,trend,0.48,0,0.52
48,UNH,1344,no_merge,0.33,0.43,0.24
49,UNH,1344,merge_1,0.33,0.43,0.24
50,UNH,1344,merge_2,0.33,0.43,0.24
51,UNH,1344,merge_3,0.33,0.43,0.24
52,UNH,1344,yesterday_strategy,0.38,0.43,0.19
53,UNH,1344,trend,0.57,0,0.43
54,UNH,1386,no_merge,0.24,0.48,0.29
55,UNH,1386,merge_1,0.24,0.57,0.19
56,UNH,1386,merge_2,0.19,0.62,0.19
57,UNH,1386,merge_3,0.19,0.62,0.19
58,UNH,1386,yesterday_strategy,0.19,0.62,0.19
59,UNH,1386,trend,0.38,0,0.62
60,UNH,1428,no_merge,0.48,0.33,0.19
61,UNH,1428,merge_1,0.43,0.43,0.14
62,UNH,1428,merge_2,0.29,0.62,0.1
63,UNH,1428,merge_3,0.29,0.62,0.1
64,UNH,1428,yesterday_strategy,0.33,0.38,0.29
65,UNH,1428,trend,0.62,0,0.38
66,UNH,1470,no_merge,0.52,0.24,0.24
67,UNH,1470,merge_1,0.48,0.33,0.19
68,UNH,1470,merge_2,0.43,0.38,0.19
69,UNH,1470,merge_3,0.43,0.38,0.19
70,UNH,1470,yesterday_strategy,0.19,0.52,0.29
71,UNH,1470,trend,0.52,0,0.48
0,VZ,1008,no_merge,0.1,0.86,0.05
1,VZ,1008,merge_1,0.1,0.86,0.05
2,VZ,1008,merge_2,0.0,1.0,0.0
3,VZ,1008,merge_3,0.0,1.0,0.0
4,VZ,1008,yesterday_strategy,0.14,0.48,0.38
5,VZ,1008,trend,0.48,0,0.52
6,VZ,1050,no_merge,0.52,0.14,0.33
7,VZ,1050,merge_1,0.43,0.29,0.29
8,VZ,1050,merge_2,0.38,0.33,0.29
9,VZ,1050,merge_3,0.38,0.33,0.29
10,VZ,1050,yesterday_strategy,0.29,0.48,0.24
11,VZ,1050,trend,0.57,0,0.43
12,VZ,1092,no_merge,0.29,0.48,0.24
13,VZ,1092,merge_1,0.24,0.52,0.24
14,VZ,1092,merge_2,0.14,0.67,0.19
15,VZ,1092,merge_3,0.14,0.67,0.19
16,VZ,1092,yesterday_strategy,0.29,0.43,0.29
17,VZ,1092,trend,0.57,0,0.43
18,VZ,1134,no_merge,0.33,0.52,0.14
19,VZ,1134,merge_1,0.29,0.71,0.0
20,VZ,1134,merge_2,0.24,0.76,0.0
21,VZ,1134,merge_3,0.24,0.76,0.0
22,VZ,1134,yesterday_strategy,0.38,0.38,0.24
23,VZ,1134,trend,0.62,0,0.38
24,VZ,1176,no_merge,0.33,0.48,0.19
25,VZ,1176,merge_1,0.29,0.52,0.19
26,VZ,1176,merge_2,0.29,0.62,0.1
27,VZ,1176,merge_3,0.29,0.62,0.1
28,VZ,1176,yesterday_strategy,0.24,0.48,0.29
29,VZ,1176,trend,0.52,0,0.48
30,VZ,1218,no_merge,0.05,0.9,0.05
31,VZ,1218,merge_1,0.05,0.9,0.05
32,VZ,1218,merge_2,0.05,0.95,0.0
33,VZ,1218,merge_3,0.05,0.95,0.0
34,VZ,1218,yesterday_strategy,0.14,0.62,0.24
35,VZ,1218,trend,0.38,0,0.62
36,VZ,1260,no_merge,0.48,0.05,0.48
37,VZ,1260,merge_1,0.43,0.19,0.38
38,VZ,1260,merge_2,0.43,0.29,0.29
39,VZ,1260,merge_3,0.43,0.29,0.29
40,VZ,1260,yesterday_strategy,0.24,0.48,0.29
41,VZ,1260,trend,0.52,0,0.48
42,VZ,1302,no_merge,0.57,0.1,0.33
43,VZ,1302,merge_1,0.48,0.19,0.33
44,VZ,1302,merge_2,0.43,0.29,0.29
45,VZ,1302,merge_3,0.43,0.29,0.29
46,VZ,1302,yesterday_strategy,0.33,0.43,0.24
47,VZ,1302,trend,0.62,0,0.38
48,VZ,1344,no_merge,0.05,0.95,0.0
49,VZ,1344,merge_1,0.05,0.95,0.0
50,VZ,1344,merge_2,0.0,1.0,0.0
51,VZ,1344,merge_3,0.0,1.0,0.0
52,VZ,1344,yesterday_strategy,0.14,0.67,0.19
53,VZ,1344,trend,0.33,0,0.67
54,VZ,1386,no_merge,0.29,0.43,0.29
55,VZ,1386,merge_1,0.24,0.52,0.24
56,VZ,1386,merge_2,0.24,0.52,0.24
57,VZ,1386,merge_3,0.24,0.52,0.24
58,VZ,1386,yesterday_strategy,0.29,0.52,0.19
59,VZ,1386,trend,0.48,0,0.52
60,VZ,1428,no_merge,0.29,0.43,0.29
61,VZ,1428,merge_1,0.24,0.57,0.19
62,VZ,1428,merge_2,0.14,0.67,0.19
63,VZ,1428,merge_3,0.14,0.67,0.19
64,VZ,1428,yesterday_strategy,0.14,0.62,0.24
65,VZ,1428,trend,0.43,0,0.57
66,VZ,1470,no_merge,0.48,0.19,0.33
67,VZ,1470,merge_1,0.38,0.38,0.24
68,VZ,1470,merge_2,0.38,0.48,0.14
69,VZ,1470,merge_3,0.38,0.48,0.14
70,VZ,1470,yesterday_strategy,0.24,0.52,0.24
71,VZ,1470,trend,0.52,0,0.48
0,V,1008,no_merge,0.19,0.67,0.14
1,V,1008,merge_1,0.19,0.71,0.1
2,V,1008,merge_2,0.19,0.76,0.05
3,V,1008,merge_3,0.19,0.76,0.05
4,V,1008,yesterday_strategy,0.14,0.57,0.29
5,V,1008,trend,0.48,0,0.52
6,V,1050,no_merge,0.0,1.0,0.0
7,V,1050,merge_1,0.0,1.0,0.0
8,V,1050,merge_2,0.0,1.0,0.0
9,V,1050,merge_3,0.0,1.0,0.0
10,V,1050,yesterday_strategy,0.05,0.62,0.33
11,V,1050,trend,0.33,0,0.67
12,V,1092,no_merge,0.24,0.57,0.19
13,V,1092,merge_1,0.24,0.57,0.19
14,V,1092,merge_2,0.19,0.67,0.14
15,V,1092,merge_3,0.19,0.67,0.14
16,V,1092,yesterday_strategy,0.33,0.38,0.29
17,V,1092,trend,0.62,0,0.38
18,V,1134,no_merge,0.19,0.76,0.05
19,V,1134,merge_1,0.14,0.81,0.05
20,V,1134,merge_2,0.05,0.9,0.05
21,V,1134,merge_3,0.05,0.9,0.05
22,V,1134,yesterday_strategy,0.19,0.48,0.33
23,V,1134,trend,0.57,0,0.43
24,V,1176,no_merge,0.05,0.9,0.05
25,V,1176,merge_1,0.05,0.9,0.05
26,V,1176,merge_2,0.05,0.95,0.0
27,V,1176,merge_3,0.0,1.0,0.0
28,V,1176,yesterday_strategy,0.05,0.57,0.38
29,V,1176,trend,0.43,0,0.57
30,V,1218,no_merge,0.62,0.0,0.38
31,V,1218,merge_1,0.52,0.19,0.29
32,V,1218,merge_2,0.52,0.19,0.29
33,V,1218,merge_3,0.52,0.19,0.29
34,V,1218,yesterday_strategy,0.38,0.33,0.29
35,V,1218,trend,0.62,0,0.38
36,V,1260,no_merge,0.48,0.38,0.14
37,V,1260,merge_1,0.33,0.57,0.1
38,V,1260,merge_2,0.29,0.62,0.1
39,V,1260,merge_3,0.29,0.62,0.1
40,V,1260,yesterday_strategy,0.48,0.38,0.14
41,V,1260,trend,0.67,0,0.33
42,V,1302,no_merge,0.14,0.62,0.24
43,V,1302,merge_1,0.14,0.71,0.14
44,V,1302,merge_2,0.14,0.71,0.14
45,V,1302,merge_3,0.14,0.71,0.14
46,V,1302,yesterday_strategy,0.05,0.57,0.38
47,V,1302,trend,0.43,0,0.57
48,V,1344,no_merge,0.14,0.86,0.0
49,V,1344,merge_1,0.1,0.9,0.0
50,V,1344,merge_2,0.1,0.9,0.0
51,V,1344,merge_3,0.1,0.9,0.0
52,V,1344,yesterday_strategy,0.19,0.48,0.33
53,V,1344,trend,0.48,0,0.52
54,V,1386,no_merge,0.43,0.33,0.24
55,V,1386,merge_1,0.43,0.38,0.19
56,V,1386,merge_2,0.43,0.43,0.14
57,V,1386,merge_3,0.43,0.43,0.14
58,V,1386,yesterday_strategy,0.33,0.43,0.24
59,V,1386,trend,0.57,0,0.43
60,V,1428,no_merge,0.52,0.38,0.1
61,V,1428,merge_1,0.43,0.52,0.05
62,V,1428,merge_2,0.43,0.52,0.05
63,V,1428,merge_3,0.38,0.57,0.05
64,V,1428,yesterday_strategy,0.29,0.38,0.33
65,V,1428,trend,0.62,0,0.38
66,V,1470,no_merge,0.14,0.67,0.19
67,V,1470,merge_1,0.14,0.67,0.19
68,V,1470,merge_2,0.14,0.67,0.19
69,V,1470,merge_3,0.14,0.67,0.19
70,V,1470,yesterday_strategy,0.05,0.62,0.33
71,V,1470,trend,0.38,0,0.62
0,WBA,1008,no_merge,0.38,0.29,0.33
1,WBA,1008,merge_1,0.33,0.33,0.33
2,WBA,1008,merge_2,0.33,0.38,0.29
3,WBA,1008,merge_3,0.33,0.38,0.29
4,WBA,1008,yesterday_strategy,0.24,0.52,0.24
5,WBA,1008,trend,0.48,0,0.52
6,WBA,1050,no_merge,0.24,0.57,0.19
7,WBA,1050,merge_1,0.19,0.62,0.19
8,WBA,1050,merge_2,0.1,0.76,0.14
9,WBA,1050,merge_3,0.1,0.76,0.14
10,WBA,1050,yesterday_strategy,0.14,0.57,0.29
11,WBA,1050,trend,0.38,0,0.62
12,WBA,1092,no_merge,0.38,0.19,0.43
13,WBA,1092,merge_1,0.38,0.24,0.38
14,WBA,1092,merge_2,0.29,0.38,0.33
15,WBA,1092,merge_3,0.29,0.38,0.33
16,WBA,1092,yesterday_strategy,0.19,0.48,0.33
17,WBA,1092,trend,0.48,0,0.52
18,WBA,1134,no_merge,0.05,0.9,0.05
19,WBA,1134,merge_1,0.05,0.9,0.05
20,WBA,1134,merge_2,0.05,0.9,0.05
21,WBA,1134,merge_3,0.05,0.9,0.05
22,WBA,1134,yesterday_strategy,0.19,0.48,0.33
23,WBA,1134,trend,0.52,0,0.48
24,WBA,1176,no_merge,0.1,0.71,0.19
25,WBA,1176,merge_1,0.1,0.71,0.19
26,WBA,1176,merge_2,0.1,0.76,0.14
27,WBA,1176,merge_3,0.1,0.76,0.14
28,WBA,1176,yesterday_strategy,0.19,0.57,0.24
29,WBA,1176,trend,0.38,0,0.62
30,WBA,1218,no_merge,0.52,0.05,0.43
31,WBA,1218,merge_1,0.38,0.19,0.43
32,WBA,1218,merge_2,0.38,0.19,0.43
33,WBA,1218,merge_3,0.38,0.19,0.43
34,WBA,1218,yesterday_strategy,0.43,0.43,0.14
35,WBA,1218,trend,0.57,0,0.43
36,WBA,1260,no_merge,0.33,0.33,0.33
37,WBA,1260,merge_1,0.24,0.52,0.24
38,WBA,1260,merge_2,0.19,0.57,0.24
39,WBA,1260,merge_3,0.19,0.57,0.24
40,WBA,1260,yesterday_strategy,0.14,0.52,0.33
41,WBA,1260,trend,0.48,0,0.52
42,WBA,1302,no_merge,0.29,0.38,0.33
43,WBA,1302,merge_1,0.24,0.48,0.29
44,WBA,1302,merge_2,0.24,0.52,0.24
45,WBA,1302,merge_3,0.24,0.52,0.24
46,WBA,1302,yesterday_strategy,0.19,0.48,0.33
47,WBA,1302,trend,0.52,0,0.48
48,WBA,1344,no_merge,0.24,0.48,0.29
49,WBA,1344,merge_1,0.14,0.71,0.14
50,WBA,1344,merge_2,0.14,0.76,0.1
51,WBA,1344,merge_3,0.14,0.76,0.1
52,WBA,1344,yesterday_strategy,0.14,0.62,0.24
53,WBA,1344,trend,0.33,0,0.67
54,WBA,1386,no_merge,0.14,0.86,0.0
55,WBA,1386,merge_1,0.05,0.95,0.0
56,WBA,1386,merge_2,0.05,0.95,0.0
57,WBA,1386,merge_3,0.05,0.95,0.0
58,WBA,1386,yesterday_strategy,0.19,0.52,0.29
59,WBA,1386,trend,0.48,0,0.52
60,WBA,1428,no_merge,0.14,0.71,0.14
61,WBA,1428,merge_1,0.1,0.76,0.14
62,WBA,1428,merge_2,0.1,0.76,0.14
63,WBA,1428,merge_3,0.1,0.76,0.14
64,WBA,1428,yesterday_strategy,0.19,0.52,0.29
65,WBA,1428,trend,0.48,0,0.52
66,WBA,1470,no_merge,0.24,0.48,0.29
67,WBA,1470,merge_1,0.24,0.57,0.19
68,WBA,1470,merge_2,0.19,0.62,0.19
69,WBA,1470,merge_3,0.19,0.62,0.19
70,WBA,1470,yesterday_strategy,0.24,0.62,0.14
71,WBA,1470,trend,0.43,0,0.57
0,WMT,1008,no_merge,0.1,0.76,0.14
1,WMT,1008,merge_1,0.1,0.9,0.0
2,WMT,1008,merge_2,0.1,0.9,0.0
3,WMT,1008,merge_3,0.1,0.9,0.0
4,WMT,1008,yesterday_strategy,0.05,0.71,0.24
5,WMT,1008,trend,0.33,0,0.67
6,WMT,1050,no_merge,0.48,0.24,0.29
7,WMT,1050,merge_1,0.43,0.38,0.19
8,WMT,1050,merge_2,0.43,0.38,0.19
9,WMT,1050,merge_3,0.43,0.38,0.19
10,WMT,1050,yesterday_strategy,0.38,0.38,0.24
11,WMT,1050,trend,0.57,0,0.43
12,WMT,1092,no_merge,0.05,0.71,0.24
13,WMT,1092,merge_1,0.05,0.86,0.1
14,WMT,1092,merge_2,0.0,0.9,0.1
15,WMT,1092,merge_3,0.0,0.9,0.1
16,WMT,1092,yesterday_strategy,0.19,0.57,0.24
17,WMT,1092,trend,0.38,0,0.62
18,WMT,1134,no_merge,0.1,0.76,0.14
19,WMT,1134,merge_1,0.05,0.81,0.14
20,WMT,1134,merge_2,0.05,0.81,0.14
21,WMT,1134,merge_3,0.05,0.81,0.14
22,WMT,1134,yesterday_strategy,0.1,0.71,0.19
23,WMT,1134,trend,0.29,0,0.71
24,WMT,1176,no_merge,0.24,0.57,0.19
25,WMT,1176,merge_1,0.19,0.67,0.14
26,WMT,1176,merge_2,0.14,0.71,0.14
27,WMT,1176,merge_3,0.14,0.71,0.14
28,WMT,1176,yesterday_strategy,0.14,0.52,0.33
29,WMT,1176,trend,0.48,0,0.52
30,WMT,1218,no_merge,0.48,0.48,0.05
31,WMT,1218,merge_1,0.33,0.62,0.05
32,WMT,1218,merge_2,0.29,0.67,0.05
33,WMT,1218,merge_3,0.29,0.67,0.05
34,WMT,1218,yesterday_strategy,0.52,0.24,0.24
35,WMT,1218,trend,0.71,0,0.29
36,WMT,1260,no_merge,0.05,0.95,0.0
37,WMT,1260,merge_1,0.05,0.95,0.0
38,WMT,1260,merge_2,0.05,0.95,0.0
39,WMT,1260,merge_3,0.05,0.95,0.0
40,WMT,1260,yesterday_strategy,0.33,0.43,0.24
41,WMT,1260,trend,0.57,0,0.43
42,WMT,1302,no_merge,0.05,0.95,0.0
43,WMT,1302,merge_1,0.05,0.95,0.0
44,WMT,1302,merge_2,0.05,0.95,0.0
45,WMT,1302,merge_3,0.05,0.95,0.0
46,WMT,1302,yesterday_strategy,0.1,0.57,0.33
47,WMT,1302,trend,0.43,0,0.57
48,WMT,1344,no_merge,0.0,1.0,0.0
49,WMT,1344,merge_1,0.0,1.0,0.0
50,WMT,1344,merge_2,0.0,1.0,0.0
51,WMT,1344,merge_3,0.0,1.0,0.0
52,WMT,1344,yesterday_strategy,0.14,0.52,0.33
53,WMT,1344,trend,0.43,0,0.57
54,WMT,1386,no_merge,0.19,0.67,0.14
55,WMT,1386,merge_1,0.1,0.76,0.14
56,WMT,1386,merge_2,0.1,0.76,0.14
57,WMT,1386,merge_3,0.1,0.76,0.14
58,WMT,1386,yesterday_strategy,0.19,0.57,0.24
59,WMT,1386,trend,0.43,0,0.57
60,WMT,1428,no_merge,0.29,0.52,0.19
61,WMT,1428,merge_1,0.29,0.57,0.14
62,WMT,1428,merge_2,0.29,0.57,0.14
63,WMT,1428,merge_3,0.29,0.57,0.14
64,WMT,1428,yesterday_strategy,0.19,0.48,0.33
65,WMT,1428,trend,0.52,0,0.48
66,WMT,1470,no_merge,0.48,0.24,0.29
67,WMT,1470,merge_1,0.38,0.38,0.24
68,WMT,1470,merge_2,0.38,0.38,0.24
69,WMT,1470,merge_3,0.38,0.38,0.24
70,WMT,1470,yesterday_strategy,0.24,0.48,0.29
71,WMT,1470,trend,0.52,0,0.48
0,DIS,1008,no_merge,0.14,0.71,0.14
1,DIS,1008,merge_1,0.14,0.71,0.14
2,DIS,1008,merge_2,0.14,0.76,0.1
3,DIS,1008,merge_3,0.14,0.76,0.1
4,DIS,1008,yesterday_strategy,0.1,0.62,0.29
5,DIS,1008,trend,0.43,0,0.57
6,DIS,1050,no_merge,0.14,0.81,0.05
7,DIS,1050,merge_1,0.0,1.0,0.0
8,DIS,1050,merge_2,0.0,1.0,0.0
9,DIS,1050,merge_3,0.0,1.0,0.0
10,DIS,1050,yesterday_strategy,0.29,0.48,0.24
11,DIS,1050,trend,0.52,0,0.48
12,DIS,1092,no_merge,0.52,0.33,0.14
13,DIS,1092,merge_1,0.48,0.43,0.1
14,DIS,1092,merge_2,0.38,0.52,0.1
15,DIS,1092,merge_3,0.38,0.52,0.1
16,DIS,1092,yesterday_strategy,0.43,0.33,0.24
17,DIS,1092,trend,0.67,0,0.33
18,DIS,1134,no_merge,0.19,0.52,0.29
19,DIS,1134,merge_1,0.19,0.52,0.29
20,DIS,1134,merge_2,0.19,0.52,0.29
21,DIS,1134,merge_3,0.19,0.52,0.29
22,DIS,1134,yesterday_strategy,0.0,0.62,0.38
23,DIS,1134,trend,0.38,0,0.62
24,DIS,1176,no_merge,0.14,0.76,0.1
25,DIS,1176,merge_1,0.1,0.81,0.1
26,DIS,1176,merge_2,0.0,1.0,0.0
27,DIS,1176,merge_3,0.0,1.0,0.0
28,DIS,1176,yesterday_strategy,0.33,0.43,0.24
29,DIS,1176,trend,0.57,0,0.43
30,DIS,1218,no_merge,0.43,0.33,0.24
31,DIS,1218,merge_1,0.38,0.38,0.24
32,DIS,1218,merge_2,0.38,0.38,0.24
33,DIS,1218,merge_3,0.38,0.38,0.24
34,DIS,1218,yesterday_strategy,0.38,0.43,0.19
35,DIS,1218,trend,0.62,0,0.38
36,DIS,1260,no_merge,0.52,0.33,0.14
37,DIS,1260,merge_1,0.48,0.38,0.14
38,DIS,1260,merge_2,0.38,0.48,0.14
39,DIS,1260,merge_3,0.33,0.52,0.14
40,DIS,1260,yesterday_strategy,0.38,0.38,0.24
41,DIS,1260,trend,0.67,0,0.33
42,DIS,1302,no_merge,0.33,0.24,0.43
43,DIS,1302,merge_1,0.33,0.29,0.38
44,DIS,1302,merge_2,0.33,0.43,0.24
45,DIS,1302,merge_3,0.33,0.43,0.24
46,DIS,1302,yesterday_strategy,0.14,0.52,0.33
47,DIS,1302,trend,0.48,0,0.52
48,DIS,1344,no_merge,0.38,0.38,0.24
49,DIS,1344,merge_1,0.24,0.52,0.24
50,DIS,1344,merge_2,0.19,0.62,0.19
51,DIS,1344,merge_3,0.19,0.62,0.19
52,DIS,1344,yesterday_strategy,0.19,0.48,0.33
53,DIS,1344,trend,0.52,0,0.48
54,DIS,1386,no_merge,0.33,0.57,0.1
55,DIS,1386,merge_1,0.24,0.71,0.05
56,DIS,1386,merge_2,0.14,0.86,0.0
57,DIS,1386,merge_3,0.14,0.86,0.0
58,DIS,1386,yesterday_strategy,0.29,0.38,0.33
59,DIS,1386,trend,0.62,0,0.38
60,DIS,1428,no_merge,0.38,0.38,0.24
61,DIS,1428,merge_1,0.33,0.48,0.19
62,DIS,1428,merge_2,0.29,0.52,0.19
63,DIS,1428,merge_3,0.29,0.52,0.19
64,DIS,1428,yesterday_strategy,0.29,0.48,0.24
65,DIS,1428,trend,0.52,0,0.48
66,DIS,1470,no_merge,0.29,0.62,0.1
67,DIS,1470,merge_1,0.1,0.81,0.1
68,DIS,1470,merge_2,0.1,0.86,0.05
69,DIS,1470,merge_3,0.1,0.86,0.05
70,DIS,1470,yesterday_strategy,0.29,0.52,0.19
71,DIS,1470,trend,0.52,0,0.48
